dataset,id,sent_i,n_words,n_class_hits,n_attr_hits,n_rel_endpoint_hits,n_tokens_spacy
kaiser,AirTravel,0,16,0,6,0,20
kaiser,AirTravel,1,14,1,3,1,17
kaiser,AirTravel,2,15,1,2,1,17
kaiser,AirTravel,3,8,1,0,1,9
kaiser,AirTravel,4,17,2,4,2,20
kaiser,AirTravel,5,10,0,1,0,13
kaiser,AirTravel,6,12,1,0,1,13
kaiser,AirTravel,7,10,0,2,0,12
kaiser,AirTravel,8,8,2,1,2,9
kaiser,AirTravel,9,24,1,1,1,27
kaiser,AirTravel,10,8,3,2,3,10
kaiser,AirTravel,11,12,1,1,1,15
kaiser,AirTravel,12,8,2,1,2,9
kaiser,AirTravel,13,21,2,3,2,24
kaiser,AirTravel,14,11,0,3,0,15
kaiser,AirTravel,15,7,1,1,1,8
kaiser,AirTravel,16,18,1,0,1,21
kaiser,AirTravel,17,11,0,3,0,14
kaiser,AirTravel,18,7,1,0,1,8
kaiser,AirTravel,19,10,2,1,2,11
kaiser,AlphaInsurance,0,16,1,1,1,18
kaiser,AlphaInsurance,1,18,3,0,3,20
kaiser,AlphaInsurance,2,31,3,0,3,35
kaiser,AlphaInsurance,3,52,5,2,5,57
kaiser,AlphaInsurance,4,34,3,1,3,37
kaiser,AlphaInsurance,5,24,2,0,2,13
kaiser,AlphaInsurance,6,35,2,4,2,16
kaiser,AlphaInsurance,7,14,4,1,4,41
kaiser,AlphaInsurance,8,11,1,0,1,16
kaiser,AlphaInsurance,9,13,1,1,1,28
kaiser,AlphaInsurance,10,20,1,3,1,22
kaiser,AlphaInsurance,11,17,2,0,2,19
kaiser,AlphaInsurance,12,18,2,3,2,22
kaiser,AlphaInsurance,13,20,2,2,2,23
kaiser,AlphaInsurance,14,22,2,3,2,24
kaiser,BankAccount,0,8,1,0,1,9
kaiser,BankAccount,1,10,0,0,0,12
kaiser,BankAccount,2,7,1,1,1,8
kaiser,BankAccount,3,14,1,3,1,15
kaiser,BankAccount,4,8,1,1,1,9
kaiser,BankAccount,5,11,1,0,1,12
kaiser,BankAccount,6,12,3,1,3,13
kaiser,BankAccount,7,12,1,0,1,14
kaiser,BankAccount,8,17,1,3,1,18
kaiser,BankAccount,9,10,0,2,0,11
kaiser,Boeing,0,6,1,0,1,8
kaiser,Boeing,1,30,1,0,1,36
kaiser,Boeing,2,16,0,0,0,20
kaiser,Boeing,3,23,2,1,2,25
kaiser,Boeing,4,16,1,2,1,19
kaiser,Boeing,5,28,3,6,3,35
kaiser,Boeing,6,8,1,1,1,9
kaiser,Boeing,7,9,1,1,1,10
kaiser,Boeing,8,25,0,0,0,29
kaiser,Boeing,9,19,1,0,1,22
kaiser,Boeing,10,34,1,0,1,37
kaiser,BuildingManagement,0,30,2,5,3,31
kaiser,BuildingManagement,1,38,2,6,4,49
kaiser,BuildingManagement,2,6,1,1,1,7
kaiser,BuildingManagement,3,22,2,3,2,25
kaiser,BuildingManagement,4,13,0,1,0,26
kaiser,BuildingManagement,5,11,2,0,2,21
kaiser,BuildingManagement,6,18,1,2,1,9
kaiser,BuildingManagement,7,7,0,2,0,23
kaiser,BuildingManagement,8,21,3,4,3,22
kaiser,BuildingManagement,9,20,1,3,1,17
kaiser,BuildingManagement,10,15,4,0,4,24
kaiser,BuildingManagement,11,22,0,1,0,22
kaiser,BuildingManagement,12,18,1,0,1,20
kaiser,BuildingManagement,13,18,1,1,1,5
kaiser,BuildingManagement,14,4,0,0,0,13
kaiser,BuildingManagement,15,12,1,3,1,13
kaiser,BuildingManagement,16,11,1,0,1,11
kaiser,BuildingManagement,17,10,0,0,1,9
kaiser,BuildingManagement,18,8,0,0,0,14
kaiser,BuildingManagement,19,12,0,1,0,19
kaiser,BuildingManagement,20,16,0,1,0,0
kaiser,BusTransportationManagementSystem,0,25,1,0,1,31
kaiser,BusTransportationManagementSystem,1,18,1,2,1,19
kaiser,BusTransportationManagementSystem,2,25,2,3,2,27
kaiser,BusTransportationManagementSystem,3,23,2,3,2,26
kaiser,BusTransportationManagementSystem,4,13,0,1,0,15
kaiser,BusTransportationManagementSystem,5,10,1,0,1,11
kaiser,BusTransportationManagementSystem,6,20,2,1,2,21
kaiser,BusTransportationManagementSystem,7,17,2,1,2,20
kaiser,BusTransportationManagementSystem,8,15,2,1,1,19
kaiser,BusTransportationManagementSystem,9,18,3,2,2,19
kaiser,BusTransportationManagementSystem,10,25,2,1,2,27
kaiser,BusTransportationManagementSystem,11,16,2,0,2,18
kaiser,BusTransportationManagementSystem,12,24,1,0,1,26
kaiser,BusTransportationManagementSystem,13,22,2,6,2,24
kaiser,BusTransportationManagementSystem,14,19,3,0,3,23
kaiser,BusTransportationManagementSystem,15,31,2,3,2,36
kaiser,BusTransportationManagementSystem,16,24,2,4,2,28
kaiser,CardGameApp,0,14,2,0,2,15
kaiser,CardGameApp,1,13,0,0,0,14
kaiser,CardGameApp,2,27,2,0,2,31
kaiser,CardGameApp,3,8,1,0,1,9
kaiser,CardGameApp,4,15,1,0,1,18
kaiser,CardGameApp,5,11,0,0,0,15
kaiser,CardGameApp,6,20,1,0,1,22
kaiser,CardGameApp,7,12,2,1,2,13
kaiser,CardGameApp,8,12,2,1,2,14
kaiser,CardGameApp,9,16,2,1,2,19
kaiser,CardGameApp,10,9,2,1,2,12
kaiser,CardGameApp,11,14,0,1,0,16
kaiser,CelO,0,19,0,0,0,21
kaiser,CelO,1,13,0,0,0,14
kaiser,CelO,2,10,1,0,1,12
kaiser,CelO,3,15,2,0,2,18
kaiser,CelO,4,27,1,8,1,34
kaiser,CelO,5,33,3,0,3,39
kaiser,CelO,6,24,2,4,2,27
kaiser,CelO,7,26,2,2,2,28
kaiser,CelO,8,19,1,3,1,20
kaiser,CelO,9,13,2,0,2,15
kaiser,CelO,10,7,2,0,2,10
kaiser,CelO,11,35,1,3,1,39
kaiser,CelO,12,21,2,0,2,26
kaiser,CelO,13,33,3,1,3,36
kaiser,CelO,14,15,2,0,2,18
kaiser,CelO,15,14,1,0,1,16
kaiser,CelO,16,27,3,0,3,32
kaiser,CelO,17,20,3,0,3,22
kaiser,CelO,18,30,3,0,3,33
kaiser,CelO,19,14,2,0,2,15
kaiser,CelO,20,19,3,0,3,21
kaiser,CelO,21,27,2,0,2,29
kaiser,CelO,22,20,3,0,3,22
kaiser,ClothingCompany,0,23,0,0,0,27
kaiser,ClothingCompany,1,7,0,0,0,8
kaiser,ClothingCompany,2,24,1,0,1,30
kaiser,ClothingCompany,3,12,0,4,0,15
kaiser,ClothingCompany,4,12,2,0,2,13
kaiser,ClothingCompany,5,40,2,6,2,45
kaiser,ClothingCompany,6,18,2,0,2,20
kaiser,ClothingCompany,7,22,0,3,0,27
kaiser,ClothingCompany,8,8,2,0,2,9
kaiser,ClothingCompany,9,19,1,4,1,24
kaiser,ClothingCompany,10,8,0,0,0,9
kaiser,ClothingCompany,11,11,2,1,2,12
kaiser,ClothingCompany,12,14,1,4,1,17
kaiser,Cruise,0,16,2,3,2,18
kaiser,Cruise,1,17,1,6,1,18
kaiser,Cruise,2,16,1,3,1,19
kaiser,Cruise,3,24,2,3,2,26
kaiser,Cruise,4,9,1,0,1,13
kaiser,Cruise,5,21,1,2,1,25
kaiser,Cruise,6,8,1,0,1,10
kaiser,Cruise,7,8,3,1,3,9
kaiser,Cruise,8,11,0,3,0,12
kaiser,Cruise,9,9,2,2,2,11
kaiser,Cruise,10,24,2,3,2,27
kaiser,Cruise,11,17,2,3,2,21
kaiser,Cruise,12,13,2,1,2,15
kaiser,Cruise,13,7,1,1,1,8
kaiser,Cruise,14,7,2,1,2,8
kaiser,Cruise,15,14,3,2,3,16
kaiser,DestroyBlockGame,0,32,6,0,6,34
kaiser,DestroyBlockGame,1,8,2,1,2,3
kaiser,DestroyBlockGame,2,10,3,1,3,7
kaiser,DestroyBlockGame,3,26,3,1,3,11
kaiser,DestroyBlockGame,4,7,2,0,2,27
kaiser,DestroyBlockGame,5,12,4,1,4,9
kaiser,DestroyBlockGame,6,11,3,1,3,13
kaiser,DestroyBlockGame,7,22,3,2,3,12
kaiser,DestroyBlockGame,8,10,2,0,2,24
kaiser,DestroyBlockGame,9,15,2,2,2,11
kaiser,DestroyBlockGame,10,11,3,2,3,16
kaiser,DestroyBlockGame,11,11,2,2,2,13
kaiser,DestroyBlockGame,12,39,2,3,2,12
kaiser,DestroyBlockGame,13,31,3,3,3,40
kaiser,DestroyBlockGame,14,21,3,3,3,35
kaiser,DestroyBlockGame,15,31,4,6,4,22
kaiser,DestroyBlockGame,16,20,2,4,2,34
kaiser,DestroyBlockGame,17,16,3,2,3,25
kaiser,DestroyBlockGame,18,30,4,2,4,3
kaiser,DestroyBlockGame,19,20,2,2,2,15
kaiser,DestroyBlockGame,20,17,3,2,3,32
kaiser,DestroyBlockGame,21,26,4,3,4,21
kaiser,DestroyBlockGame,22,11,1,3,1,18
kaiser,DestroyBlockGame,23,22,1,1,1,27
kaiser,DestroyBlockGame,24,23,4,2,4,12
kaiser,DestroyBlockGame,25,14,4,2,4,23
kaiser,DestroyBlockGame,26,19,3,2,3,28
kaiser,DestroyBlockGame,27,8,2,1,2,16
kaiser,DestroyBlockGame,28,32,6,4,6,23
kaiser,DestroyBlockGame,29,17,4,2,4,9
kaiser,DestroyBlockGame,30,9,2,0,2,35
kaiser,DestroyBlockGame,31,15,4,1,4,19
kaiser,DestroyBlockGame,32,23,4,0,4,10
kaiser,DestroyBlockGame,33,7,2,2,2,17
kaiser,DestroyBlockGame,34,16,4,1,4,25
kaiser,DestroyBlockGame,35,12,2,0,2,8
kaiser,DestroyBlockGame,36,20,2,0,2,17
kaiser,EUScienceConnect,0,29,1,0,1,33
kaiser,EUScienceConnect,1,12,0,0,0,14
kaiser,EUScienceConnect,2,12,1,0,1,15
kaiser,EUScienceConnect,3,13,2,4,2,15
kaiser,EUScienceConnect,4,26,3,5,3,31
kaiser,EUScienceConnect,5,21,5,1,5,24
kaiser,EUScienceConnect,6,10,0,0,0,11
kaiser,EUScienceConnect,7,26,1,2,1,30
kaiser,EUScienceConnect,8,13,1,1,1,15
kaiser,EUScienceConnect,9,22,6,0,6,25
kaiser,EUScienceConnect,10,15,3,2,3,17
kaiser,EUScienceConnect,11,21,4,1,4,24
kaiser,EUScienceConnect,12,13,0,0,0,17
kaiser,EUScienceConnect,13,6,1,1,1,7
kaiser,EUScienceConnect,14,12,2,0,2,13
kaiser,EUScienceConnect,15,14,1,1,1,17
kaiser,EUScienceConnect,16,29,1,2,1,31
kaiser,EUScienceConnect,17,14,1,2,1,17
kaiser,EUScienceConnect,18,12,3,0,3,16
kaiser,Ebike,0,28,5,5,5,13
kaiser,Ebike,1,7,1,1,1,23
kaiser,Ebike,2,8,3,3,3,8
kaiser,Ebike,3,9,2,1,2,10
kaiser,Ebike,4,11,1,3,1,10
kaiser,Ebike,5,13,1,1,1,16
kaiser,Ebike,6,14,3,3,3,18
kaiser,Ebike,7,16,3,1,3,18
kaiser,Ebike,8,18,2,1,2,20
kaiser,Facepage,0,9,0,0,0,13
kaiser,Facepage,1,21,0,1,0,24
kaiser,Facepage,2,28,1,6,1,35
kaiser,Facepage,3,6,1,2,1,7
kaiser,Facepage,4,5,1,1,1,7
kaiser,Facepage,5,15,1,2,1,17
kaiser,Facepage,6,19,4,4,4,22
kaiser,Facepage,7,13,2,1,2,14
kaiser,Facepage,8,19,3,5,3,22
kaiser,Facepage,9,9,2,1,2,10
kaiser,Facepage,10,18,3,2,3,21
kaiser,Facepage,11,9,2,0,2,11
kaiser,Facepage,12,16,0,1,0,19
kaiser,Facepage,13,26,4,2,4,32
kaiser,Facepage,14,6,1,1,1,7
kaiser,Facepage,15,36,3,3,3,41
kaiser,Facepage,16,13,1,5,1,15
kaiser,Facepage,17,12,1,2,1,14
kaiser,Facepage,18,15,3,3,3,17
kaiser,Facepage,19,17,1,5,1,22
kaiser,Facepage,20,14,1,4,1,15
kaiser,Facepage,21,18,1,5,1,20
kaiser,Facepage,22,19,0,2,0,21
kaiser,FilmSet,0,7,2,0,2,8
kaiser,FilmSet,1,11,1,3,1,12
kaiser,FilmSet,2,10,1,0,1,13
kaiser,FilmSet,3,18,2,3,2,20
kaiser,FilmSet,4,20,0,1,0,22
kaiser,FilmSet,5,15,1,3,1,19
kaiser,FilmSet,6,9,2,1,2,10
kaiser,FilmSet,7,20,2,0,2,22
kaiser,FilmSet,8,10,1,3,1,11
kaiser,FilmSet,9,20,1,1,1,27
kaiser,FilmSet,10,11,1,2,1,12
kaiser,FilmSet,11,13,1,0,1,15
kaiser,FilmSet,12,14,1,7,1,19
kaiser,FilmSet,13,12,2,0,2,13
kaiser,FilmSet,14,8,1,2,1,9
kaiser,FilmSet,15,21,3,0,3,23
kaiser,FilmSet,16,17,2,0,2,18
kaiser,FilmSet,17,13,3,1,3,14
kaiser,FitnessCompanyConan,0,14,0,0,0,17
kaiser,FitnessCompanyConan,1,21,0,0,0,23
kaiser,FitnessCompanyConan,2,8,0,0,0,9
kaiser,FitnessCompanyConan,3,12,1,1,1,16
kaiser,FitnessCompanyConan,4,16,1,1,1,19
kaiser,FitnessCompanyConan,5,6,1,2,1,7
kaiser,FitnessCompanyConan,6,15,2,1,2,33
kaiser,FitnessCompanyConan,7,11,2,0,2,8
kaiser,FitnessCompanyConan,8,7,3,0,3,8
kaiser,FitnessCompanyConan,9,7,2,0,2,19
kaiser,FitnessCompanyConan,10,15,1,4,1,19
kaiser,FitnessCompanyConan,11,16,0,4,0,10
kaiser,FitnessCompanyConan,12,8,1,1,1,22
kaiser,FitnessCompanyConan,13,19,5,0,5,39
kaiser,FitnessCompanyConan,14,32,1,0,1,13
kaiser,FitnessCompanyConan,15,11,1,1,1,21
kaiser,FitnessCompanyConan,16,14,1,1,1,23
kaiser,FitnessCompanyConan,17,22,1,2,1,28
kaiser,FitnessCompanyConan,18,26,5,2,5,0
kaiser,GameArea,0,15,2,1,2,16
kaiser,GameArea,1,12,0,1,0,13
kaiser,GameArea,2,9,0,0,0,13
kaiser,GameArea,3,9,2,2,2,10
kaiser,GameArea,4,16,3,1,3,17
kaiser,GameArea,5,27,3,3,3,29
kaiser,GameArea,6,8,1,0,1,10
kaiser,GameArea,7,10,0,2,0,11
kaiser,GameArea,8,14,2,0,2,16
kaiser,GameArea,9,14,0,3,0,16
kaiser,GameArea,10,36,3,0,3,39
kaiser,GameArea,11,3,0,0,0,4
kaiser,GasStation_KUL,0,13,1,1,1,14
kaiser,GasStation_KUL,1,26,4,3,4,29
kaiser,GasStation_KUL,2,13,3,2,3,15
kaiser,GasStation_KUL,3,30,4,1,4,34
kaiser,GasStation_KUL,4,18,1,0,1,20
kaiser,GasStation_KUL,5,20,1,1,1,23
kaiser,GasStation_KUL,6,15,1,0,1,17
kaiser,GasStation_KUL,7,15,3,2,3,16
kaiser,GasStation_KUL,8,21,2,1,2,23
kaiser,GasStation_KUL,9,18,1,0,1,21
kaiser,GasStation_KUL,10,11,0,0,0,38
kaiser,GasStation_KUL,11,22,1,3,1,27
kaiser,GasStation_KUL,12,23,0,1,0,16
kaiser,GasStation_KUL,13,13,0,0,0,17
kaiser,GasStation_KUL,14,16,2,2,2,18
kaiser,GasStation_KUL,15,16,2,1,2,11
kaiser,GasStation_KUL,16,9,0,0,0,11
kaiser,GasStation_KUL,17,10,0,0,0,13
kaiser,GasStation_KUL,18,11,1,1,1,19
kaiser,GasStation_KUL,19,16,1,0,1,24
kaiser,GasStation_KUL,20,22,1,0,1,8
kaiser,GasStation_KUL,21,6,0,0,0,29
kaiser,GasStation_KUL,22,28,1,0,1,34
kaiser,GasStation_KUL,23,31,1,1,1,41
kaiser,GasStation_KUL,24,37,3,1,3,19
kaiser,GasStation_KUL,25,18,3,0,3,0
kaiser,GasStation_TUW,0,14,2,0,2,15
kaiser,GasStation_TUW,1,24,2,2,2,27
kaiser,GasStation_TUW,2,18,1,1,1,22
kaiser,GasStation_TUW,3,14,2,3,2,16
kaiser,GasStation_TUW,4,13,2,1,2,15
kaiser,GasStation_TUW,5,15,1,2,1,18
kaiser,GasStation_TUW,6,8,4,0,4,9
kaiser,GasStation_TUW,7,18,5,2,5,21
kaiser,GasStation_TUW,8,7,1,2,1,8
kaiser,GasStation_TUW,9,30,5,3,5,32
kaiser,GasStation_TUW,10,12,1,1,1,14
kaiser,HelpingHands,0,25,2,0,2,29
kaiser,HelpingHands,1,12,0,0,0,14
kaiser,HelpingHands,2,42,1,2,1,46
kaiser,HelpingHands,3,24,1,7,1,29
kaiser,HelpingHands,4,27,1,2,1,29
kaiser,HelpingHands,5,15,0,0,0,17
kaiser,HelpingHands,6,24,3,0,3,26
kaiser,HelpingHands,7,10,1,0,1,11
kaiser,HelpingHands,8,20,2,0,2,21
kaiser,HelpingHands,9,12,0,0,0,11
kaiser,HelpingHands,10,19,2,0,2,21
kaiser,HelpingHands,11,26,2,0,2,50
kaiser,HelpingHands,12,17,2,0,2,14
kaiser,HelpingHands,13,13,0,1,0,21
kaiser,HelpingHands,14,20,2,1,2,37
kaiser,HelpingHands,15,28,1,1,1,36
kaiser,HelpingHands,16,34,2,0,2,15
kaiser,HelpingHands,17,13,0,0,0,27
kaiser,HelpingHands,18,25,0,0,0,23
kaiser,HelpingHands,19,21,2,1,2,20
kaiser,HelpingHands,20,19,2,0,2,0
kaiser,HomeForTheElderly,0,9,0,0,0,11
kaiser,HomeForTheElderly,1,16,2,0,2,18
kaiser,HomeForTheElderly,2,10,2,0,2,13
kaiser,HomeForTheElderly,3,7,2,0,2,9
kaiser,HomeForTheElderly,4,5,1,1,1,7
kaiser,HomeForTheElderly,5,18,1,0,1,31
kaiser,HomeForTheElderly,6,11,1,0,1,12
kaiser,HomeForTheElderly,7,22,1,0,1,22
kaiser,HomeForTheElderly,8,13,1,0,1,14
kaiser,HomeForTheElderly,9,17,1,0,1,18
kaiser,HomeForTheElderly,10,12,0,1,0,14
kaiser,HomeForTheElderly,11,16,1,1,1,17
kaiser,HomeForTheElderly,12,14,1,0,1,16
kaiser,HomeForTheElderly,13,54,2,3,2,61
kaiser,HomeForTheElderly,14,12,2,1,2,13
kaiser,HomeForTheElderly,15,24,2,1,2,26
kaiser,HomeForTheElderly,16,13,0,2,0,14
kaiser,HomeForTheElderly,17,25,3,0,3,27
kaiser,HomeForTheElderly,18,22,2,0,2,25
kaiser,HomeForTheElderly,19,31,3,1,3,45
kaiser,HomeForTheElderly,20,9,2,0,2,24
kaiser,HomeForTheElderly,21,21,3,2,3,21
kaiser,HomeForTheElderly,22,18,1,2,1,46
kaiser,HomeForTheElderly,23,40,3,1,3,7
kaiser,HomeForTheElderly,24,6,0,0,0,18
kaiser,HomeForTheElderly,25,15,0,0,0,24
kaiser,HomeForTheElderly,26,21,1,3,1,16
kaiser,HomeForTheElderly,27,12,1,2,1,37
kaiser,HomeForTheElderly,28,29,1,3,1,40
kaiser,HomeForTheElderly,29,35,2,3,2,39
kaiser,HomeForTheElderly,30,33,1,1,1,38
kaiser,HomeForTheElderly,31,33,2,1,2,14
kaiser,HomeForTheElderly,32,12,1,2,1,38
kaiser,HomeForTheElderly,33,4,0,0,0,0
kaiser,HomeForTheElderly,34,31,1,0,1,0
kaiser,HospitalHouseMD,0,13,0,0,0,15
kaiser,HospitalHouseMD,1,17,2,0,2,19
kaiser,HospitalHouseMD,2,11,1,0,1,12
kaiser,HospitalHouseMD,3,12,2,0,2,13
kaiser,HospitalHouseMD,4,22,3,0,3,25
kaiser,HospitalHouseMD,5,7,1,0,1,9
kaiser,HospitalHouseMD,6,7,1,1,1,8
kaiser,HospitalHouseMD,7,15,2,2,2,18
kaiser,HospitalHouseMD,8,24,1,1,1,27
kaiser,HospitalHouseMD,9,16,2,2,2,18
kaiser,HospitalHouseMD,10,20,1,2,1,23
kaiser,HospitalHouseMD,11,26,3,2,3,29
kaiser,HospitalHouseMD,12,28,1,2,1,33
kaiser,HospitalHouseMD,13,23,1,1,1,25
kaiser,HospitalHouseMD,14,32,3,0,3,38
kaiser,HospitalHouseMD,15,16,0,1,0,19
kaiser,HospitalHouseMD,16,2,0,0,0,13
kaiser,HospitalHouseMD,17,12,1,1,1,13
kaiser,HospitalHouseMD,18,11,0,1,0,29
kaiser,HospitalHouseMD,19,26,2,2,2,24
kaiser,HospitalHouseMD,20,23,2,3,2,0
kaiser,HotelBookingManagementSystem,0,13,2,1,2,14
kaiser,HotelBookingManagementSystem,1,11,2,1,2,14
kaiser,HotelBookingManagementSystem,2,10,1,3,1,26
kaiser,HotelBookingManagementSystem,3,9,0,0,0,69
kaiser,HotelBookingManagementSystem,4,27,1,8,1,32
kaiser,HotelBookingManagementSystem,5,11,1,2,1,55
kaiser,HotelBookingManagementSystem,6,15,2,2,2,32
kaiser,HotelBookingManagementSystem,7,29,4,2,4,17
kaiser,HotelBookingManagementSystem,8,17,2,2,2,37
kaiser,HotelBookingManagementSystem,9,33,4,4,4,14
kaiser,HotelBookingManagementSystem,10,28,4,2,4,27
kaiser,HotelBookingManagementSystem,11,15,3,3,3,23
kaiser,HotelBookingManagementSystem,12,10,1,2,1,16
kaiser,HotelBookingManagementSystem,13,19,2,1,2,20
kaiser,HotelBookingManagementSystem,14,13,2,1,2,31
kaiser,HotelBookingManagementSystem,15,24,2,3,2,24
kaiser,HotelBookingManagementSystem,16,19,2,3,2,10
kaiser,HotelBookingManagementSystem,17,14,3,3,3,17
kaiser,HotelBookingManagementSystem,18,18,2,2,2,34
kaiser,HotelBookingManagementSystem,19,29,2,4,2,20
kaiser,HotelBookingManagementSystem,20,22,3,3,3,0
kaiser,HotelBookingManagementSystem,21,9,2,0,2,0
kaiser,HotelBookingManagementSystem,22,15,3,2,3,0
kaiser,HotelBookingManagementSystem,23,30,3,3,3,0
kaiser,HotelBookingManagementSystem,24,18,3,1,3,0
kaiser,House,0,14,2,3,2,19
kaiser,House,1,14,2,2,2,16
kaiser,House,2,13,2,0,2,15
kaiser,House,3,9,1,1,1,10
kaiser,House,4,10,3,0,3,12
kaiser,House,5,21,1,2,1,22
kaiser,House,6,11,4,0,4,13
kaiser,House,7,29,1,4,1,33
kaiser,House,8,13,1,0,1,15
kaiser,House,9,24,4,2,4,26
kaiser,Kinepolis,0,7,0,0,0,9
kaiser,Kinepolis,1,14,1,0,1,16
kaiser,Kinepolis,2,27,4,0,4,30
kaiser,Kinepolis,3,17,1,0,1,18
kaiser,Kinepolis,4,15,1,0,1,17
kaiser,Kinepolis,5,14,0,0,0,18
kaiser,Kinepolis,6,19,1,1,1,23
kaiser,Kinepolis,7,23,1,1,1,25
kaiser,Kinepolis,8,19,3,3,3,21
kaiser,Kinepolis,9,14,0,0,0,17
kaiser,Kinepolis,10,19,2,1,2,21
kaiser,Kinepolis,11,10,0,0,0,13
kaiser,Kinepolis,12,17,4,1,4,20
kaiser,Kinepolis,13,8,2,2,2,10
kaiser,Kinepolis,14,11,2,2,2,12
kaiser,Kinepolis,15,23,4,4,4,27
kaiser,Kinepolis,16,15,2,2,2,17
kaiser,Kinepolis,17,9,1,2,1,11
kaiser,Kinepolis,18,20,1,1,1,24
kaiser,Kinepolis,19,25,2,1,2,28
kaiser,LabTracker,0,27,2,1,2,21
kaiser,LabTracker,1,12,0,1,0,11
kaiser,LabTracker,2,27,2,5,2,15
kaiser,LabTracker,3,17,1,2,1,31
kaiser,LabTracker,4,12,2,1,2,19
kaiser,LabTracker,5,27,2,9,2,14
kaiser,LabTracker,6,19,2,0,2,33
kaiser,LabTracker,7,19,1,1,1,22
kaiser,LabTracker,8,18,1,0,1,20
kaiser,LabTracker,9,17,2,0,2,20
kaiser,LabTracker,10,20,2,1,2,18
kaiser,LabTracker,11,11,2,2,2,23
kaiser,LabTracker,12,14,0,1,0,12
kaiser,LabTracker,13,8,1,0,1,16
kaiser,LabTracker,14,35,1,0,1,9
kaiser,LabTracker,15,23,2,3,2,39
kaiser,LabTracker,16,11,0,1,0,24
kaiser,LabTracker,17,11,1,1,1,15
kaiser,LabTracker,18,22,3,2,3,13
kaiser,LabTracker,19,17,2,0,2,26
kaiser,LabTracker,20,29,2,0,2,19
kaiser,LabTracker,21,21,0,0,0,36
kaiser,LabTracker,22,22,5,1,5,26
kaiser,LabTracker,23,17,2,1,2,24
kaiser,LabTracker,24,30,2,8,2,19
kaiser,LabTracker,25,26,1,5,1,34
kaiser,LabTracker,26,9,2,1,2,28
kaiser,LabTracker,27,13,0,2,0,10
kaiser,LabTracker,28,15,2,3,2,14
kaiser,LabTracker,29,22,1,4,1,16
kaiser,Louvre,0,28,0,0,0,30
kaiser,Louvre,1,40,2,0,2,44
kaiser,Louvre,2,15,0,0,0,18
kaiser,Louvre,3,15,0,0,0,16
kaiser,Louvre,4,22,0,0,0,23
kaiser,Louvre,5,10,1,0,1,13
kaiser,Louvre,6,11,2,0,2,12
kaiser,Louvre,7,9,1,0,1,10
kaiser,Louvre,8,32,2,0,2,38
kaiser,Louvre,9,16,2,0,2,18
kaiser,Louvre,10,21,2,0,2,24
kaiser,Louvre,11,11,0,0,0,17
kaiser,Louvre,12,17,3,0,3,20
kaiser,Louvre,13,13,1,0,1,15
kaiser,Louvre,14,11,0,0,0,14
kaiser,Menso,0,21,1,0,1,24
kaiser,Menso,1,15,0,0,0,17
kaiser,Menso,2,34,2,0,2,37
kaiser,Menso,3,9,0,0,0,11
kaiser,Menso,4,25,1,0,1,28
kaiser,Menso,5,11,2,1,2,14
kaiser,Menso,6,13,1,1,1,15
kaiser,Menso,7,10,1,1,1,13
kaiser,Menso,8,5,1,0,1,8
kaiser,Menso,9,12,2,0,2,16
kaiser,Menso,10,17,1,0,1,19
kaiser,Menso,11,35,2,0,2,41
kaiser,Menso,12,2,0,0,0,28
kaiser,Menso,13,20,1,0,1,20
kaiser,Menso,14,15,3,0,3,18
kaiser,Menso,15,15,3,0,3,26
kaiser,Menso,16,24,6,2,6,35
kaiser,Menso,17,32,3,1,3,33
kaiser,Menso,18,29,4,1,4,15
kaiser,Menso,19,12,2,3,2,34
kaiser,Menso,20,28,2,0,2,17
kaiser,Menso,21,15,1,2,1,21
kaiser,Menso,22,17,3,2,3,23
kaiser,Menso,23,20,2,0,2,22
kaiser,Menso,24,17,2,0,2,25
kaiser,Menso,25,21,2,5,2,36
kaiser,Menso,26,33,2,0,2,0
kaiser,Musicmatic,0,20,0,1,0,22
kaiser,Musicmatic,1,21,0,0,0,24
kaiser,Musicmatic,2,28,1,5,1,34
kaiser,Musicmatic,3,27,1,4,1,33
kaiser,Musicmatic,4,22,2,1,2,25
kaiser,Musicmatic,5,28,2,1,2,31
kaiser,Musicmatic,6,13,0,0,0,14
kaiser,Musicmatic,7,33,2,0,2,38
kaiser,Musicmatic,8,13,1,4,1,19
kaiser,Musicmatic,9,8,1,1,1,9
kaiser,Musicmatic,10,17,1,0,1,19
kaiser,Musicmatic,11,17,1,0,1,19
kaiser,Musicmatic,12,12,0,0,1,16
kaiser,Musicmatic,13,17,2,2,3,18
kaiser,Musicmatic,14,21,1,0,2,23
kaiser,Musicmatic,15,34,4,1,5,42
kaiser,OnlineTutoringSystem,0,16,2,0,2,17
kaiser,OnlineTutoringSystem,1,13,0,4,0,16
kaiser,OnlineTutoringSystem,2,12,2,1,2,62
kaiser,OnlineTutoringSystem,3,12,0,1,0,19
kaiser,OnlineTutoringSystem,4,26,3,5,3,37
kaiser,OnlineTutoringSystem,5,11,2,1,2,15
kaiser,OnlineTutoringSystem,6,7,0,0,0,16
kaiser,OnlineTutoringSystem,7,34,4,4,4,23
kaiser,OnlineTutoringSystem,8,14,3,4,3,22
kaiser,OnlineTutoringSystem,9,15,4,2,4,23
kaiser,OnlineTutoringSystem,10,21,4,3,4,14
kaiser,OnlineTutoringSystem,11,19,4,2,4,28
kaiser,OnlineTutoringSystem,12,18,3,2,3,30
kaiser,OnlineTutoringSystem,13,13,4,2,4,25
kaiser,OnlineTutoringSystem,14,24,2,2,2,0
kaiser,OnlineTutoringSystem,15,25,4,1,4,0
kaiser,OnlineTutoringSystem,16,20,3,2,3,0
kaiser,PizzaDeliveryWithEntertainment,0,21,2,3,2,26
kaiser,PizzaDeliveryWithEntertainment,1,23,0,1,0,25
kaiser,PizzaDeliveryWithEntertainment,2,15,0,0,0,18
kaiser,PizzaDeliveryWithEntertainment,3,35,2,4,2,41
kaiser,PizzaDeliveryWithEntertainment,4,38,4,4,4,47
kaiser,PizzaDeliveryWithEntertainment,5,38,0,5,0,41
kaiser,PizzaDeliveryWithEntertainment,6,7,1,1,1,9
kaiser,PizzaDeliveryWithEntertainment,7,24,2,1,2,29
kaiser,PizzaDeliveryWithEntertainment,8,22,1,1,1,24
kaiser,PizzaDeliveryWithEntertainment,9,10,3,2,3,11
kaiser,PizzaDeliveryWithEntertainment,10,19,1,9,1,26
kaiser,PizzaDeliveryWithEntertainment,11,9,2,2,2,10
kaiser,PizzaDeliveryWithEntertainment,12,29,0,5,0,43
kaiser,PizzaDeliveryWithEntertainment,13,31,1,1,1,34
kaiser,PizzaDeliveryWithEntertainment,14,42,1,2,1,49
kaiser,PizzaDeliveryWithEntertainment,15,11,1,1,1,14
kaiser,PizzaDeliveryWithEntertainment,16,9,0,2,0,11
kaiser,PizzaDeliveryWithEntertainment,17,7,0,0,0,8
kaiser,PizzaDeliveryWithEntertainment,18,22,1,2,1,24
kaiser,PizzaDeliveryWithEntertainment,19,22,2,5,2,24
kaiser,PizzaDeliveryWithEntertainment,20,9,1,1,1,11
kaiser,PizzaDeliveryWithEntertainment,21,12,2,4,2,15
kaiser,PizzaDeliveryWithEntertainment,22,9,2,2,2,10
kaiser,PizzaDeliveryWithEntertainment,23,44,5,6,5,51
kaiser,PizzaDeliveryWithEntertainment,24,12,1,2,1,15
kaiser,PizzaDeliveryWithEntertainment,25,24,1,4,1,28
kaiser,PizzaDeliveryWithEntertainment,26,9,3,2,3,10
kaiser,PizzaDeliveryWithEntertainment,27,14,3,0,3,9
kaiser,PizzaDeliveryWithEntertainment,28,23,3,1,3,7
kaiser,ProjectManagement,0,10,2,0,2,11
kaiser,ProjectManagement,1,11,1,0,1,12
kaiser,ProjectManagement,2,7,2,0,2,8
kaiser,ProjectManagement,3,21,4,0,4,25
kaiser,ProjectManagement,4,13,3,0,3,16
kaiser,ProjectManagement,5,16,1,0,1,19
kaiser,ProjectManagement,6,12,2,0,2,16
kaiser,ProjectManagement,7,20,0,0,0,21
kaiser,ProjectManagement,8,36,4,0,5,40
kaiser,ProjectManagement,9,21,1,0,2,26
kaiser,School,0,5,1,1,1,6
kaiser,School,1,7,0,0,0,8
kaiser,School,2,14,0,2,0,15
kaiser,School,3,6,0,1,0,8
kaiser,School,4,16,2,0,2,18
kaiser,School,5,11,0,1,0,12
kaiser,School,6,13,1,0,1,15
kaiser,School,7,17,2,0,2,20
kaiser,School,8,18,1,0,1,20
kaiser,School,9,28,1,3,1,31
kaiser,School,10,16,2,1,2,20
kaiser,School,11,9,3,0,3,10
kaiser,School,12,12,2,0,2,13
kaiser,SellingGoods,0,19,0,0,0,22
kaiser,SellingGoods,1,25,0,0,0,31
kaiser,SellingGoods,2,14,0,0,0,18
kaiser,SellingGoods,3,11,0,0,0,13
kaiser,SellingGoods,4,19,0,1,0,22
kaiser,SellingGoods,5,13,1,2,1,16
kaiser,SellingGoods,6,24,1,1,1,26
kaiser,SellingGoods,7,22,3,3,3,26
kaiser,SellingGoods,8,31,2,2,2,33
kaiser,SellingGoods,9,12,0,0,0,14
kaiser,SellingGoods,10,23,0,0,0,26
kaiser,SellingGoods,11,26,0,1,0,29
kaiser,SellingGoods,12,18,0,0,0,21
kaiser,SellingGoods,13,31,2,1,2,36
kaiser,SellingGoods,14,37,1,1,1,41
kaiser,SellingGoods,15,22,0,0,0,24
kaiser,SellingGoods,16,13,0,0,0,16
kaiser,SellingGoods,17,12,0,0,0,13
kaiser,SellingGoods,18,22,1,1,1,24
kaiser,SellingGoods,19,16,0,0,0,18
kaiser,SellingGoods,20,21,2,1,2,23
kaiser,SellingGoods,21,8,1,1,1,10
kaiser,SellingGoods,22,19,1,1,1,24
kaiser,SellingGoods,23,16,1,1,1,18
kaiser,SellingGoods,24,26,1,1,1,29
kaiser,SellingGoods,25,25,2,2,2,26
kaiser,SellingGoods,26,24,2,2,2,28
kaiser,SellingGoods,27,16,1,0,1,18
kaiser,Sightseeing,0,5,1,0,1,6
kaiser,Sightseeing,1,20,2,5,2,22
kaiser,Sightseeing,2,20,3,3,3,22
kaiser,Sightseeing,3,32,3,2,3,35
kaiser,Sightseeing,4,9,3,1,3,11
kaiser,Sightseeing,5,10,1,0,1,11
kaiser,SmartHomeAutomationSystem,0,16,2,0,2,19
kaiser,SmartHomeAutomationSystem,1,28,5,1,5,46
kaiser,SmartHomeAutomationSystem,2,8,1,0,1,10
kaiser,SmartHomeAutomationSystem,3,9,3,1,3,23
kaiser,SmartHomeAutomationSystem,4,20,2,0,2,22
kaiser,SmartHomeAutomationSystem,5,18,2,3,2,42
kaiser,SmartHomeAutomationSystem,6,9,1,0,1,20
kaiser,SmartHomeAutomationSystem,7,20,2,3,2,21
kaiser,SmartHomeAutomationSystem,8,4,0,0,0,10
kaiser,SmartHomeAutomationSystem,9,18,6,0,6,23
kaiser,SmartHomeAutomationSystem,10,20,2,0,2,18
kaiser,SmartHomeAutomationSystem,11,9,1,1,1,9
kaiser,SmartHomeAutomationSystem,12,18,4,0,4,46
kaiser,SmartHomeAutomationSystem,13,14,3,0,3,7
kaiser,SmartHomeAutomationSystem,14,8,2,0,2,20
kaiser,SmartHomeAutomationSystem,15,36,3,2,3,12
kaiser,SmartHomeAutomationSystem,16,6,0,0,0,0
kaiser,SmartHomeAutomationSystem,17,18,1,1,1,0
kaiser,SmartHomeAutomationSystem,18,11,1,2,1,0
kaiser,Sober,0,17,1,0,1,21
kaiser,Sober,1,32,1,0,1,35
kaiser,Sober,2,13,2,1,2,16
kaiser,Sober,3,12,4,1,4,16
kaiser,Sober,4,29,2,4,2,33
kaiser,Sober,5,17,2,0,2,20
kaiser,Sober,6,28,2,4,2,32
kaiser,Sober,7,38,1,1,1,43
kaiser,Sober,8,62,3,10,3,80
kaiser,Sober,9,12,1,2,1,15
kaiser,Sober,10,13,3,1,3,16
kaiser,Sober,11,19,0,0,0,23
kaiser,Sober,12,26,2,1,2,30
kaiser,Sober,13,25,4,1,4,29
kaiser,Sober,14,42,2,6,2,54
kaiser,Sober,15,12,1,2,1,15
kaiser,Sober,16,16,1,1,1,21
kaiser,Sober,17,15,3,3,3,18
kaiser,StudentAppointment,0,22,2,0,2,23
kaiser,StudentAppointment,1,32,4,0,4,34
kaiser,StudentAppointment,2,21,3,0,3,22
kaiser,StudentAppointment,3,15,2,0,2,16
kaiser,StudentAppointment,4,22,4,0,4,26
kaiser,TeamSportsScoutingSystem,0,25,5,0,5,28
kaiser,TeamSportsScoutingSystem,1,26,3,0,3,55
kaiser,TeamSportsScoutingSystem,2,19,1,2,1,20
kaiser,TeamSportsScoutingSystem,3,19,1,0,1,26
kaiser,TeamSportsScoutingSystem,4,25,4,1,4,55
kaiser,TeamSportsScoutingSystem,5,32,5,2,5,29
kaiser,TeamSportsScoutingSystem,6,14,1,1,1,33
kaiser,TeamSportsScoutingSystem,7,27,6,2,6,23
kaiser,TeamSportsScoutingSystem,8,30,4,1,4,0
kaiser,TeamSportsScoutingSystem,9,21,5,1,5,0
kaiser,TileOGame,0,22,3,0,3,24
kaiser,TileOGame,1,16,1,0,1,18
kaiser,TileOGame,2,14,2,1,2,15
kaiser,TileOGame,3,21,3,3,3,22
kaiser,TileOGame,4,7,0,2,0,9
kaiser,TileOGame,5,14,1,1,1,15
kaiser,TileOGame,6,14,2,2,2,15
kaiser,TileOGame,7,19,2,0,2,23
kaiser,TileOGame,8,11,1,0,1,12
kaiser,TileOGame,9,22,4,2,4,27
kaiser,TileOGame,10,81,11,7,11,98
kaiser,TileOGame,11,22,2,1,2,31
kaiser,TileOGame,12,18,4,0,4,19
kaiser,TileOGame,13,28,3,5,3,30
kaiser,TileOGame,14,17,3,0,3,19
kaiser,TileOGame,15,29,5,4,5,31
kaiser,TileOGame,16,21,3,4,3,23
kaiser,TileOGame,17,17,3,2,3,18
kaiser,TransportCompany,0,14,0,0,0,15
kaiser,TransportCompany,1,19,0,2,0,21
kaiser,TransportCompany,2,25,1,0,1,31
kaiser,TransportCompany,3,13,0,0,0,14
kaiser,TransportCompany,4,17,0,1,0,18
kaiser,TransportCompany,5,9,0,3,0,10
kaiser,TransportCompany,6,8,0,0,0,10
kaiser,TransportCompany,7,9,1,2,1,10
kaiser,TransportCompany,8,13,0,0,0,15
kaiser,TransportCompany,9,18,0,1,0,23
kaiser,TransportCompany,10,13,0,3,0,14
kaiser,TransportCompany,11,14,1,1,1,16
kaiser,TransportCompany,12,33,4,5,4,40
kaiser,TransportCompany,13,7,1,0,1,8
kaiser,TransportCompany,14,19,2,0,2,21
kaiser,TransportCompany,15,15,3,2,3,17
kaiser,TransportCompany,16,14,3,0,3,15
kaiser,TransportCompany,17,28,2,1,2,30
kaiser,TransportCompany,18,17,3,0,3,18
kaiser,TransportCompany,19,22,2,3,2,26
kaiser,TransportCompany,20,21,3,2,3,22
kaiser,TreatmentPlans,0,7,0,0,0,9
kaiser,TreatmentPlans,1,20,2,1,2,36
kaiser,TreatmentPlans,2,11,0,0,0,12
kaiser,TreatmentPlans,3,11,1,0,1,13
kaiser,TreatmentPlans,4,10,3,0,3,12
kaiser,TreatmentPlans,5,11,1,0,1,13
kaiser,TreatmentPlans,6,14,4,1,4,17
kaiser,TreatmentPlans,7,9,3,0,3,10
kaiser,TreatmentPlans,8,23,5,0,5,25
kaiser,TreatmentPlans,9,17,4,0,4,18
kaiser,TreatmentPlans,10,25,4,0,4,27
kaiser,TreatmentPlans,11,32,5,0,5,36
kaiser,TreatmentPlans,12,29,3,0,3,32
kaiser,TruckLogistics,0,11,0,2,0,12
kaiser,TruckLogistics,1,6,1,1,1,7
kaiser,TruckLogistics,2,10,0,0,0,13
kaiser,TruckLogistics,3,6,1,2,1,7
kaiser,TruckLogistics,4,15,1,2,1,17
kaiser,TruckLogistics,5,10,0,0,0,12
kaiser,TruckLogistics,6,6,0,0,0,7
kaiser,TruckLogistics,7,15,0,0,0,16
kaiser,TruckLogistics,8,19,2,1,2,21
kaiser,TruckLogistics,9,16,1,0,1,18
kaiser,TruckLogistics,10,14,1,0,1,16
kaiser,University,0,13,0,1,0,15
kaiser,University,1,7,2,1,2,8
kaiser,University,2,7,1,2,1,9
kaiser,University,3,14,2,1,2,17
kaiser,University,4,7,0,1,0,8
kaiser,University,5,12,0,3,0,15
kaiser,University,6,9,2,0,2,11
kaiser,University,7,10,2,0,2,13
kaiser,University,8,9,1,2,1,10
kaiser,University,9,26,0,5,0,30
kaiser,University,10,4,0,0,0,5
kaiser,University,11,9,0,0,0,12
kaiser,University,12,14,0,3,0,18
kaiser,eHome2020,0,22,0,0,0,24
kaiser,eHome2020,1,16,0,0,0,20
kaiser,eHome2020,2,14,0,2,0,18
kaiser,eHome2020,3,23,0,1,0,4
kaiser,eHome2020,4,10,0,1,0,22
kaiser,eHome2020,5,23,0,1,0,14
kaiser,eHome2020,6,11,1,0,1,29
kaiser,eHome2020,7,23,2,2,2,13
kaiser,eHome2020,8,9,1,1,1,24
kaiser,eHome2020,9,19,1,1,1,11
kaiser,eHome2020,10,30,2,4,2,24
kaiser,eHome2020,11,11,0,0,0,38
kaiser,eHome2020,12,14,2,1,2,12
kaiser,eHome2020,13,34,2,0,2,16
kaiser,eHome2020,14,9,1,3,1,42
kaiser,eHome2020,15,10,1,2,1,13
kaiser,eHome2020,16,11,0,2,0,11
kaiser,eHome2020,17,12,3,1,4,31
kaiser,eHome2020,18,6,0,0,0,7
kaiser,eHome2020,19,8,2,1,2,9
kaiser,eHome2020,20,12,1,1,1,13
kaiser,eHome2020,21,6,0,1,0,12
kaiser,eHome2020,22,2,1,0,1,18
kaiser,eHome2020,23,16,1,0,1,15
kaiser,eHome2020,24,14,0,2,0,15
kaiser,eHome2020,25,13,1,1,1,33
kaiser,eHome2020,26,29,0,1,0,0
reference,LabTracker,0,27,2,0,2,21
reference,LabTracker,1,12,0,0,0,11
reference,LabTracker,2,27,2,0,2,14
reference,LabTracker,3,17,1,0,1,31
reference,LabTracker,4,12,2,0,2,19
reference,LabTracker,5,27,2,0,2,14
reference,LabTracker,6,19,2,0,2,33
reference,LabTracker,7,19,1,0,1,21
reference,LabTracker,8,18,1,0,1,20
reference,LabTracker,9,17,2,0,2,20
reference,LabTracker,10,20,2,0,2,18
reference,LabTracker,11,11,2,0,2,23
reference,LabTracker,12,14,0,0,0,12
reference,LabTracker,13,8,1,0,1,16
reference,LabTracker,14,35,1,0,1,9
reference,LabTracker,15,23,2,0,2,38
reference,LabTracker,16,11,0,0,0,24
reference,LabTracker,17,11,1,0,1,15
reference,LabTracker,18,22,3,0,3,12
reference,LabTracker,19,17,2,0,2,25
reference,LabTracker,20,29,2,0,2,19
reference,LabTracker,21,21,0,0,0,36
reference,LabTracker,22,22,5,0,5,25
reference,LabTracker,23,17,2,0,2,24
reference,LabTracker,24,30,2,0,2,19
reference,LabTracker,25,26,1,0,1,34
reference,LabTracker,26,9,2,0,2,28
reference,LabTracker,27,13,0,0,0,10
reference,LabTracker,28,15,2,0,2,14
reference,LabTracker,29,22,1,0,1,16
reference,CelO,0,16,0,0,0,17
reference,CelO,1,13,0,0,0,14
reference,CelO,2,10,1,0,1,11
reference,CelO,3,15,2,0,2,18
reference,CelO,4,27,1,8,1,34
reference,CelO,5,33,3,0,3,39
reference,CelO,6,24,2,4,2,27
reference,CelO,7,26,2,2,2,28
reference,CelO,8,19,1,3,1,20
reference,CelO,9,13,2,0,2,15
reference,CelO,10,7,2,0,2,9
reference,CelO,11,35,1,3,1,39
reference,CelO,12,21,2,0,2,26
reference,CelO,13,33,3,1,3,35
reference,CelO,14,15,2,0,2,18
reference,CelO,15,14,1,0,1,16
reference,CelO,16,27,3,0,3,31
reference,CelO,17,20,3,0,3,22
reference,CelO,18,30,3,0,3,33
reference,CelO,19,14,2,0,2,15
reference,CelO,20,19,3,0,3,21
reference,CelO,21,27,2,0,2,29
reference,CelO,22,20,3,0,3,22
reference,TSS,0,25,5,0,5,28
reference,TSS,1,26,3,0,3,54
reference,TSS,2,19,1,2,1,19
reference,TSS,3,18,1,0,1,26
reference,TSS,4,25,4,1,4,54
reference,TSS,5,32,5,2,5,29
reference,TSS,6,14,1,0,1,33
reference,TSS,7,27,6,1,6,23
reference,TSS,8,30,4,1,4,0
reference,TSS,9,21,5,1,5,0
reference,SHAS,0,16,3,0,3,19
reference,SHAS,1,28,5,0,5,46
reference,SHAS,2,8,1,0,1,10
reference,SHAS,3,9,3,1,3,22
reference,SHAS,4,20,3,0,3,22
reference,SHAS,5,18,3,3,3,42
reference,SHAS,6,9,1,0,1,19
reference,SHAS,7,20,2,3,2,21
reference,SHAS,8,4,0,0,0,10
reference,SHAS,9,18,6,0,6,23
reference,SHAS,10,20,2,0,2,18
reference,SHAS,11,9,1,1,1,9
reference,SHAS,12,18,4,0,3,43
reference,SHAS,13,14,3,0,2,7
reference,SHAS,14,8,2,0,2,20
reference,SHAS,15,36,3,2,3,12
reference,SHAS,16,6,0,0,0,0
reference,SHAS,17,18,1,1,1,0
reference,SHAS,18,11,2,2,2,0
reference,OTS,0,16,3,0,3,17
reference,OTS,1,13,0,4,0,16
reference,OTS,2,12,2,1,2,62
reference,OTS,3,12,0,1,0,18
reference,OTS,4,26,3,5,3,37
reference,OTS,5,11,2,1,2,15
reference,OTS,6,7,0,0,0,16
reference,OTS,7,34,4,4,4,23
reference,OTS,8,14,3,4,3,22
reference,OTS,9,15,4,2,4,22
reference,OTS,10,21,4,3,4,14
reference,OTS,11,19,4,2,4,27
reference,OTS,12,18,3,2,3,29
reference,OTS,13,13,4,2,4,0
reference,OTS,14,24,2,2,2,0
reference,OTS,15,25,4,1,4,0
reference,Block,0,30,6,0,6,31
reference,Block,1,8,2,1,2,10
reference,Block,2,10,2,1,2,11
reference,Block,3,26,2,1,2,27
reference,Block,4,7,2,0,2,8
reference,Block,5,12,4,1,4,13
reference,Block,6,11,3,1,3,12
reference,Block,7,22,3,2,3,23
reference,Block,8,10,2,0,2,11
reference,Block,9,15,2,2,2,16
reference,Block,10,11,3,2,3,13
reference,Block,11,11,2,2,2,12
reference,Block,12,39,2,3,2,40
reference,Block,13,31,3,3,3,33
reference,Block,14,21,3,3,3,22
reference,Block,15,31,4,6,4,33
reference,Block,16,20,2,2,2,24
reference,Block,17,16,2,1,2,3
reference,Block,18,29,4,2,4,15
reference,Block,19,20,2,2,2,31
reference,Block,20,17,2,2,2,21
reference,Block,21,26,3,3,3,18
reference,Block,22,11,1,3,1,27
reference,Block,23,22,1,1,1,12
reference,Block,24,23,3,2,3,23
reference,Block,25,14,3,2,3,27
reference,Block,26,19,2,2,2,16
reference,Block,27,8,1,1,1,23
reference,Block,28,32,5,4,5,9
reference,Block,29,17,3,2,3,34
reference,Block,30,9,1,0,1,19
reference,Block,31,15,3,1,3,10
reference,Block,32,23,3,0,3,16
reference,Block,33,7,2,2,2,25
reference,Block,34,16,4,1,4,8
reference,Block,35,12,1,0,1,17
reference,Block,36,20,2,0,2,13
reference,TileO,0,22,3,0,3,24
reference,TileO,1,16,1,0,1,18
reference,TileO,2,14,2,0,2,15
reference,TileO,3,21,3,0,3,22
reference,TileO,4,7,0,0,0,8
reference,TileO,5,14,1,0,1,15
reference,TileO,6,14,2,0,2,15
reference,TileO,7,19,2,0,2,23
reference,TileO,8,11,1,0,1,12
reference,TileO,9,22,4,0,4,26
reference,TileO,10,81,11,0,11,97
reference,TileO,11,22,2,0,2,31
reference,TileO,12,18,4,0,4,19
reference,TileO,13,28,3,0,3,30
reference,TileO,14,17,3,0,3,19
reference,TileO,15,29,5,0,5,31
reference,TileO,16,21,3,0,3,23
reference,TileO,17,17,3,0,3,18
reference,HBMS,0,18,3,0,3,7
reference,HBMS,1,11,2,0,2,14
reference,HBMS,2,10,1,0,1,14
reference,HBMS,3,9,0,0,0,25
reference,HBMS,4,27,1,0,1,69
reference,HBMS,5,11,1,0,1,31
reference,HBMS,6,15,2,0,2,55
reference,HBMS,7,29,4,0,4,31
reference,HBMS,8,17,2,0,2,17
reference,HBMS,9,33,4,0,4,37
reference,HBMS,10,28,4,0,4,14
reference,HBMS,11,15,3,0,3,27
reference,HBMS,12,10,1,0,1,23
reference,HBMS,13,19,2,0,2,15
reference,HBMS,14,13,2,0,2,20
reference,HBMS,15,24,2,0,2,31
reference,HBMS,16,19,2,0,2,24
reference,HBMS,17,14,3,0,3,10
reference,HBMS,18,18,2,0,2,17
reference,HBMS,19,29,2,0,2,34
reference,HBMS,20,22,3,0,3,20
reference,HBMS,21,9,2,0,2,0
reference,HBMS,22,15,3,0,3,0
reference,HBMS,23,30,3,0,3,0
reference,HBMS,24,18,3,0,3,0
data_source_3,AirTravel,0,16,0,6,0,20
data_source_3,AirTravel,1,14,1,3,1,17
data_source_3,AirTravel,2,15,1,2,1,17
data_source_3,AirTravel,3,8,1,0,1,9
data_source_3,AirTravel,4,17,2,4,2,20
data_source_3,AirTravel,5,10,0,1,0,13
data_source_3,AirTravel,6,12,1,0,1,13
data_source_3,AirTravel,7,10,0,2,0,12
data_source_3,AirTravel,8,8,2,1,2,9
data_source_3,AirTravel,9,24,1,1,1,27
data_source_3,AirTravel,10,8,3,2,3,10
data_source_3,AirTravel,11,12,1,1,1,15
data_source_3,AirTravel,12,8,2,1,2,9
data_source_3,AirTravel,13,21,2,3,2,24
data_source_3,AirTravel,14,11,0,3,0,15
data_source_3,AirTravel,15,7,1,1,1,8
data_source_3,AirTravel,16,18,1,0,1,21
data_source_3,AirTravel,17,11,0,3,0,14
data_source_3,AirTravel,18,7,1,0,1,8
data_source_3,AirTravel,19,10,2,1,2,11
data_source_3,AlphaInsurance,0,16,1,1,1,18
data_source_3,AlphaInsurance,1,18,3,0,3,20
data_source_3,AlphaInsurance,2,31,3,0,3,35
data_source_3,AlphaInsurance,3,52,5,2,5,57
data_source_3,AlphaInsurance,4,34,3,1,3,37
data_source_3,AlphaInsurance,5,24,2,0,2,13
data_source_3,AlphaInsurance,6,35,2,4,2,16
data_source_3,AlphaInsurance,7,14,4,1,4,41
data_source_3,AlphaInsurance,8,11,1,0,1,16
data_source_3,AlphaInsurance,9,13,1,1,1,28
data_source_3,AlphaInsurance,10,20,1,3,1,22
data_source_3,AlphaInsurance,11,17,2,0,2,19
data_source_3,AlphaInsurance,12,18,2,3,2,22
data_source_3,AlphaInsurance,13,20,2,2,2,23
data_source_3,AlphaInsurance,14,22,2,3,2,24
data_source_3,BankAccount,0,8,1,0,1,9
data_source_3,BankAccount,1,10,0,0,0,12
data_source_3,BankAccount,2,7,1,1,1,8
data_source_3,BankAccount,3,14,1,3,1,15
data_source_3,BankAccount,4,8,1,1,1,9
data_source_3,BankAccount,5,11,1,0,1,12
data_source_3,BankAccount,6,12,3,1,3,13
data_source_3,BankAccount,7,12,1,0,1,14
data_source_3,BankAccount,8,17,1,3,1,18
data_source_3,BankAccount,9,10,0,2,0,11
data_source_3,Boeing,0,6,1,0,1,8
data_source_3,Boeing,1,30,1,0,1,36
data_source_3,Boeing,2,16,0,0,0,20
data_source_3,Boeing,3,23,2,1,2,25
data_source_3,Boeing,4,16,1,2,1,19
data_source_3,Boeing,5,28,3,6,3,35
data_source_3,Boeing,6,8,1,1,1,9
data_source_3,Boeing,7,9,1,1,1,10
data_source_3,Boeing,8,25,0,0,0,29
data_source_3,Boeing,9,19,1,0,1,22
data_source_3,Boeing,10,34,1,0,1,37
data_source_3,BuildingManagement,0,30,2,5,3,31
data_source_3,BuildingManagement,1,38,2,6,4,49
data_source_3,BuildingManagement,2,6,1,1,1,7
data_source_3,BuildingManagement,3,22,2,3,2,25
data_source_3,BuildingManagement,4,13,0,1,0,26
data_source_3,BuildingManagement,5,11,2,0,2,21
data_source_3,BuildingManagement,6,18,1,2,1,9
data_source_3,BuildingManagement,7,7,0,2,0,23
data_source_3,BuildingManagement,8,21,3,4,3,22
data_source_3,BuildingManagement,9,20,1,3,1,17
data_source_3,BuildingManagement,10,15,4,0,4,24
data_source_3,BuildingManagement,11,22,0,1,0,22
data_source_3,BuildingManagement,12,18,1,0,1,20
data_source_3,BuildingManagement,13,18,1,1,1,5
data_source_3,BuildingManagement,14,4,0,0,0,13
data_source_3,BuildingManagement,15,12,1,3,1,13
data_source_3,BuildingManagement,16,11,1,0,1,11
data_source_3,BuildingManagement,17,10,0,0,1,9
data_source_3,BuildingManagement,18,8,0,0,0,14
data_source_3,BuildingManagement,19,12,0,1,0,19
data_source_3,BuildingManagement,20,16,0,1,0,0
data_source_3,BusTransportationManagementSystem,0,25,1,0,1,31
data_source_3,BusTransportationManagementSystem,1,18,1,2,1,19
data_source_3,BusTransportationManagementSystem,2,25,2,3,2,27
data_source_3,BusTransportationManagementSystem,3,23,2,3,2,26
data_source_3,BusTransportationManagementSystem,4,13,0,1,0,15
data_source_3,BusTransportationManagementSystem,5,10,1,0,1,11
data_source_3,BusTransportationManagementSystem,6,20,2,1,2,21
data_source_3,BusTransportationManagementSystem,7,17,2,1,2,20
data_source_3,BusTransportationManagementSystem,8,15,1,1,1,19
data_source_3,BusTransportationManagementSystem,9,18,2,2,2,19
data_source_3,BusTransportationManagementSystem,10,25,2,1,2,27
data_source_3,BusTransportationManagementSystem,11,16,2,0,2,18
data_source_3,BusTransportationManagementSystem,12,24,1,0,1,26
data_source_3,BusTransportationManagementSystem,13,22,2,6,2,24
data_source_3,BusTransportationManagementSystem,14,19,3,0,3,23
data_source_3,BusTransportationManagementSystem,15,31,2,3,2,36
data_source_3,BusTransportationManagementSystem,16,24,2,4,2,28
data_source_3,CardGameApp,0,14,2,0,2,15
data_source_3,CardGameApp,1,13,0,0,0,14
data_source_3,CardGameApp,2,27,2,0,2,31
data_source_3,CardGameApp,3,8,1,0,1,9
data_source_3,CardGameApp,4,15,1,0,1,18
data_source_3,CardGameApp,5,11,0,0,0,15
data_source_3,CardGameApp,6,20,1,0,1,22
data_source_3,CardGameApp,7,12,2,1,2,13
data_source_3,CardGameApp,8,12,2,1,2,14
data_source_3,CardGameApp,9,16,2,1,2,19
data_source_3,CardGameApp,10,9,2,1,2,12
data_source_3,CardGameApp,11,14,0,1,0,16
data_source_3,CelO,0,19,0,0,0,21
data_source_3,CelO,1,13,0,0,0,14
data_source_3,CelO,2,10,1,0,1,12
data_source_3,CelO,3,15,2,0,2,18
data_source_3,CelO,4,27,1,8,1,34
data_source_3,CelO,5,33,3,0,3,39
data_source_3,CelO,6,24,2,4,2,27
data_source_3,CelO,7,26,2,2,2,28
data_source_3,CelO,8,19,1,3,1,20
data_source_3,CelO,9,13,2,0,2,15
data_source_3,CelO,10,7,2,0,2,10
data_source_3,CelO,11,35,1,3,1,39
data_source_3,CelO,12,21,2,0,2,26
data_source_3,CelO,13,33,3,1,3,36
data_source_3,CelO,14,15,2,0,2,18
data_source_3,CelO,15,14,1,0,1,16
data_source_3,CelO,16,27,3,0,3,32
data_source_3,CelO,17,20,3,0,3,22
data_source_3,CelO,18,30,3,0,3,33
data_source_3,CelO,19,14,2,0,2,15
data_source_3,CelO,20,19,3,0,3,21
data_source_3,CelO,21,27,2,0,2,29
data_source_3,CelO,22,20,3,0,3,22
data_source_3,ClothingCompany,0,23,0,0,0,27
data_source_3,ClothingCompany,1,7,0,0,0,8
data_source_3,ClothingCompany,2,24,1,0,1,30
data_source_3,ClothingCompany,3,12,0,4,0,15
data_source_3,ClothingCompany,4,12,2,0,2,13
data_source_3,ClothingCompany,5,40,2,6,2,45
data_source_3,ClothingCompany,6,18,2,0,2,20
data_source_3,ClothingCompany,7,22,0,3,0,27
data_source_3,ClothingCompany,8,8,2,0,2,9
data_source_3,ClothingCompany,9,19,1,4,1,24
data_source_3,ClothingCompany,10,8,0,0,0,9
data_source_3,ClothingCompany,11,11,2,1,2,12
data_source_3,ClothingCompany,12,14,1,4,1,17
data_source_3,Cruise,0,16,2,3,2,18
data_source_3,Cruise,1,17,1,6,1,18
data_source_3,Cruise,2,16,1,3,1,19
data_source_3,Cruise,3,24,2,3,2,26
data_source_3,Cruise,4,9,1,0,1,13
data_source_3,Cruise,5,21,1,2,1,25
data_source_3,Cruise,6,8,1,0,1,10
data_source_3,Cruise,7,8,3,1,3,9
data_source_3,Cruise,8,11,0,3,0,12
data_source_3,Cruise,9,9,2,2,2,11
data_source_3,Cruise,10,24,2,3,2,27
data_source_3,Cruise,11,17,2,3,2,21
data_source_3,Cruise,12,13,2,1,2,15
data_source_3,Cruise,13,7,1,1,1,8
data_source_3,Cruise,14,7,2,1,2,8
data_source_3,Cruise,15,14,3,2,3,16
data_source_3,DestroyBlockGame,0,32,6,0,6,34
data_source_3,DestroyBlockGame,1,8,2,1,2,3
data_source_3,DestroyBlockGame,2,10,3,1,3,7
data_source_3,DestroyBlockGame,3,26,3,1,3,11
data_source_3,DestroyBlockGame,4,7,2,0,2,27
data_source_3,DestroyBlockGame,5,12,4,1,4,9
data_source_3,DestroyBlockGame,6,11,3,1,3,13
data_source_3,DestroyBlockGame,7,22,3,2,3,12
data_source_3,DestroyBlockGame,8,10,2,0,2,24
data_source_3,DestroyBlockGame,9,15,2,2,2,11
data_source_3,DestroyBlockGame,10,11,3,2,3,16
data_source_3,DestroyBlockGame,11,11,2,2,2,13
data_source_3,DestroyBlockGame,12,39,2,3,2,12
data_source_3,DestroyBlockGame,13,31,3,3,3,40
data_source_3,DestroyBlockGame,14,21,3,3,3,35
data_source_3,DestroyBlockGame,15,31,4,6,4,22
data_source_3,DestroyBlockGame,16,20,2,4,2,34
data_source_3,DestroyBlockGame,17,16,3,2,3,25
data_source_3,DestroyBlockGame,18,30,4,2,4,3
data_source_3,DestroyBlockGame,19,20,2,2,2,15
data_source_3,DestroyBlockGame,20,17,3,2,3,32
data_source_3,DestroyBlockGame,21,26,4,3,4,21
data_source_3,DestroyBlockGame,22,11,1,3,1,18
data_source_3,DestroyBlockGame,23,22,1,1,1,27
data_source_3,DestroyBlockGame,24,23,4,2,4,12
data_source_3,DestroyBlockGame,25,14,4,2,4,23
data_source_3,DestroyBlockGame,26,19,3,2,3,28
data_source_3,DestroyBlockGame,27,8,2,1,2,16
data_source_3,DestroyBlockGame,28,32,6,4,6,23
data_source_3,DestroyBlockGame,29,17,4,2,4,9
data_source_3,DestroyBlockGame,30,9,2,0,2,35
data_source_3,DestroyBlockGame,31,15,4,1,4,19
data_source_3,DestroyBlockGame,32,23,4,0,4,10
data_source_3,DestroyBlockGame,33,7,2,2,2,17
data_source_3,DestroyBlockGame,34,16,4,1,4,25
data_source_3,DestroyBlockGame,35,12,2,0,2,8
data_source_3,DestroyBlockGame,36,20,2,0,2,17
data_source_3,EUScienceConnect,0,29,1,0,1,33
data_source_3,EUScienceConnect,1,12,0,0,0,14
data_source_3,EUScienceConnect,2,12,1,0,1,15
data_source_3,EUScienceConnect,3,13,2,4,2,15
data_source_3,EUScienceConnect,4,26,3,5,3,31
data_source_3,EUScienceConnect,5,21,5,1,4,24
data_source_3,EUScienceConnect,6,10,0,0,0,11
data_source_3,EUScienceConnect,7,26,1,2,1,30
data_source_3,EUScienceConnect,8,13,1,1,0,15
data_source_3,EUScienceConnect,9,22,6,0,6,25
data_source_3,EUScienceConnect,10,15,3,2,3,17
data_source_3,EUScienceConnect,11,21,4,1,4,24
data_source_3,EUScienceConnect,12,13,0,0,0,17
data_source_3,EUScienceConnect,13,6,1,1,1,7
data_source_3,EUScienceConnect,14,12,2,0,2,13
data_source_3,EUScienceConnect,15,14,1,1,1,17
data_source_3,EUScienceConnect,16,29,1,2,1,31
data_source_3,EUScienceConnect,17,14,1,2,1,17
data_source_3,EUScienceConnect,18,12,3,0,3,16
data_source_3,Ebike,0,28,5,5,5,13
data_source_3,Ebike,1,7,1,1,1,23
data_source_3,Ebike,2,8,3,3,3,8
data_source_3,Ebike,3,9,2,1,2,10
data_source_3,Ebike,4,11,1,3,1,10
data_source_3,Ebike,5,13,1,1,1,16
data_source_3,Ebike,6,14,3,3,3,18
data_source_3,Ebike,7,16,3,1,3,18
data_source_3,Ebike,8,18,2,1,2,20
data_source_3,Facepage,0,9,0,0,0,13
data_source_3,Facepage,1,21,0,1,0,24
data_source_3,Facepage,2,28,1,6,1,35
data_source_3,Facepage,3,6,1,2,1,7
data_source_3,Facepage,4,5,1,1,1,7
data_source_3,Facepage,5,15,1,2,1,17
data_source_3,Facepage,6,19,4,4,4,22
data_source_3,Facepage,7,13,2,1,2,14
data_source_3,Facepage,8,19,3,5,3,22
data_source_3,Facepage,9,9,2,1,2,10
data_source_3,Facepage,10,18,3,2,3,21
data_source_3,Facepage,11,9,2,0,2,11
data_source_3,Facepage,12,16,0,1,0,19
data_source_3,Facepage,13,26,4,2,4,32
data_source_3,Facepage,14,6,1,1,1,7
data_source_3,Facepage,15,36,3,3,3,41
data_source_3,Facepage,16,13,1,5,1,15
data_source_3,Facepage,17,12,1,2,1,14
data_source_3,Facepage,18,15,3,3,3,17
data_source_3,Facepage,19,17,1,5,1,22
data_source_3,Facepage,20,14,1,4,1,15
data_source_3,Facepage,21,18,1,5,1,20
data_source_3,Facepage,22,19,0,2,0,21
data_source_3,FilmSet,0,7,2,0,2,8
data_source_3,FilmSet,1,11,1,3,1,12
data_source_3,FilmSet,2,10,1,0,1,13
data_source_3,FilmSet,3,18,2,3,2,20
data_source_3,FilmSet,4,20,0,1,0,22
data_source_3,FilmSet,5,15,1,3,1,19
data_source_3,FilmSet,6,9,2,1,2,10
data_source_3,FilmSet,7,20,2,0,2,22
data_source_3,FilmSet,8,10,1,3,1,11
data_source_3,FilmSet,9,20,1,1,1,27
data_source_3,FilmSet,10,11,1,2,1,12
data_source_3,FilmSet,11,13,1,0,1,15
data_source_3,FilmSet,12,14,1,7,1,19
data_source_3,FilmSet,13,12,2,0,2,13
data_source_3,FilmSet,14,8,1,2,1,9
data_source_3,FilmSet,15,21,3,0,3,23
data_source_3,FilmSet,16,17,2,0,2,18
data_source_3,FilmSet,17,13,3,1,3,14
data_source_3,FitnessCompanyConan,0,14,0,0,0,17
data_source_3,FitnessCompanyConan,1,21,0,0,0,23
data_source_3,FitnessCompanyConan,2,8,0,0,0,9
data_source_3,FitnessCompanyConan,3,12,1,1,1,16
data_source_3,FitnessCompanyConan,4,16,1,1,1,19
data_source_3,FitnessCompanyConan,5,6,1,2,1,7
data_source_3,FitnessCompanyConan,6,15,2,1,2,33
data_source_3,FitnessCompanyConan,7,11,2,0,2,8
data_source_3,FitnessCompanyConan,8,7,3,0,3,8
data_source_3,FitnessCompanyConan,9,7,2,0,2,19
data_source_3,FitnessCompanyConan,10,15,1,4,1,19
data_source_3,FitnessCompanyConan,11,16,0,4,0,10
data_source_3,FitnessCompanyConan,12,8,1,1,1,22
data_source_3,FitnessCompanyConan,13,19,5,0,5,39
data_source_3,FitnessCompanyConan,14,32,1,0,1,13
data_source_3,FitnessCompanyConan,15,11,1,1,1,21
data_source_3,FitnessCompanyConan,16,14,1,1,1,23
data_source_3,FitnessCompanyConan,17,22,1,2,1,28
data_source_3,FitnessCompanyConan,18,26,5,2,5,0
data_source_3,GameArea,0,15,2,1,2,16
data_source_3,GameArea,1,12,0,1,0,13
data_source_3,GameArea,2,9,0,0,0,13
data_source_3,GameArea,3,9,2,2,2,10
data_source_3,GameArea,4,16,3,1,3,17
data_source_3,GameArea,5,27,3,3,3,29
data_source_3,GameArea,6,8,1,0,1,10
data_source_3,GameArea,7,10,0,2,0,11
data_source_3,GameArea,8,14,2,0,2,16
data_source_3,GameArea,9,14,0,3,0,16
data_source_3,GameArea,10,36,3,0,3,39
data_source_3,GameArea,11,3,0,0,0,4
data_source_3,GasStation_KUL,0,13,1,1,1,14
data_source_3,GasStation_KUL,1,26,4,3,4,29
data_source_3,GasStation_KUL,2,13,3,2,3,15
data_source_3,GasStation_KUL,3,30,4,1,4,34
data_source_3,GasStation_KUL,4,18,1,0,1,20
data_source_3,GasStation_KUL,5,20,1,1,1,23
data_source_3,GasStation_KUL,6,15,1,0,1,17
data_source_3,GasStation_KUL,7,15,3,2,3,16
data_source_3,GasStation_KUL,8,21,2,1,2,23
data_source_3,GasStation_KUL,9,18,1,0,1,21
data_source_3,GasStation_KUL,10,11,0,0,0,38
data_source_3,GasStation_KUL,11,22,1,3,1,27
data_source_3,GasStation_KUL,12,23,0,1,0,16
data_source_3,GasStation_KUL,13,13,0,0,0,17
data_source_3,GasStation_KUL,14,16,2,2,2,18
data_source_3,GasStation_KUL,15,16,2,1,2,11
data_source_3,GasStation_KUL,16,9,0,0,0,11
data_source_3,GasStation_KUL,17,10,0,0,0,13
data_source_3,GasStation_KUL,18,11,1,1,1,19
data_source_3,GasStation_KUL,19,16,1,0,1,24
data_source_3,GasStation_KUL,20,22,1,0,1,8
data_source_3,GasStation_KUL,21,6,0,0,0,29
data_source_3,GasStation_KUL,22,28,1,0,1,34
data_source_3,GasStation_KUL,23,31,1,1,1,41
data_source_3,GasStation_KUL,24,37,3,1,3,19
data_source_3,GasStation_KUL,25,18,3,0,3,0
data_source_3,GasStation_TUW,0,14,2,0,2,15
data_source_3,GasStation_TUW,1,24,2,2,2,27
data_source_3,GasStation_TUW,2,18,1,1,1,22
data_source_3,GasStation_TUW,3,14,2,3,2,16
data_source_3,GasStation_TUW,4,13,2,1,2,15
data_source_3,GasStation_TUW,5,15,1,2,1,18
data_source_3,GasStation_TUW,6,8,4,0,4,9
data_source_3,GasStation_TUW,7,18,5,2,5,21
data_source_3,GasStation_TUW,8,7,1,2,1,8
data_source_3,GasStation_TUW,9,30,5,3,5,32
data_source_3,GasStation_TUW,10,12,1,1,1,14
data_source_3,HelpingHands,0,25,2,0,2,29
data_source_3,HelpingHands,1,12,0,0,0,14
data_source_3,HelpingHands,2,42,1,2,1,46
data_source_3,HelpingHands,3,24,1,7,1,29
data_source_3,HelpingHands,4,27,1,2,1,29
data_source_3,HelpingHands,5,15,0,0,0,17
data_source_3,HelpingHands,6,24,3,0,3,26
data_source_3,HelpingHands,7,10,1,0,1,11
data_source_3,HelpingHands,8,20,2,0,2,21
data_source_3,HelpingHands,9,12,0,0,0,11
data_source_3,HelpingHands,10,19,2,0,2,21
data_source_3,HelpingHands,11,26,2,0,2,50
data_source_3,HelpingHands,12,17,2,0,2,14
data_source_3,HelpingHands,13,13,0,1,0,21
data_source_3,HelpingHands,14,20,2,1,2,37
data_source_3,HelpingHands,15,28,1,1,1,36
data_source_3,HelpingHands,16,34,2,0,2,15
data_source_3,HelpingHands,17,13,0,0,0,27
data_source_3,HelpingHands,18,25,0,0,0,23
data_source_3,HelpingHands,19,21,2,1,2,20
data_source_3,HelpingHands,20,19,2,0,2,0
data_source_3,HomeForTheElderly,0,9,0,0,0,11
data_source_3,HomeForTheElderly,1,16,2,0,2,18
data_source_3,HomeForTheElderly,2,10,2,0,2,13
data_source_3,HomeForTheElderly,3,7,2,0,2,9
data_source_3,HomeForTheElderly,4,5,1,1,1,7
data_source_3,HomeForTheElderly,5,18,1,0,1,31
data_source_3,HomeForTheElderly,6,11,1,0,1,12
data_source_3,HomeForTheElderly,7,22,1,0,1,22
data_source_3,HomeForTheElderly,8,13,1,0,1,14
data_source_3,HomeForTheElderly,9,17,1,0,0,18
data_source_3,HomeForTheElderly,10,12,0,1,0,14
data_source_3,HomeForTheElderly,11,16,1,1,1,17
data_source_3,HomeForTheElderly,12,14,1,0,1,16
data_source_3,HomeForTheElderly,13,54,2,3,2,61
data_source_3,HomeForTheElderly,14,12,2,1,2,13
data_source_3,HomeForTheElderly,15,24,2,1,2,26
data_source_3,HomeForTheElderly,16,13,0,2,0,14
data_source_3,HomeForTheElderly,17,25,3,0,3,27
data_source_3,HomeForTheElderly,18,22,2,0,1,25
data_source_3,HomeForTheElderly,19,31,3,1,2,45
data_source_3,HomeForTheElderly,20,9,2,0,1,24
data_source_3,HomeForTheElderly,21,21,3,2,2,21
data_source_3,HomeForTheElderly,22,18,1,2,1,46
data_source_3,HomeForTheElderly,23,40,3,1,2,7
data_source_3,HomeForTheElderly,24,6,0,0,0,18
data_source_3,HomeForTheElderly,25,15,0,0,0,24
data_source_3,HomeForTheElderly,26,21,1,3,1,16
data_source_3,HomeForTheElderly,27,12,1,2,1,37
data_source_3,HomeForTheElderly,28,29,1,3,1,40
data_source_3,HomeForTheElderly,29,35,2,3,2,39
data_source_3,HomeForTheElderly,30,33,1,1,1,38
data_source_3,HomeForTheElderly,31,33,2,1,2,14
data_source_3,HomeForTheElderly,32,12,1,2,1,38
data_source_3,HomeForTheElderly,33,4,0,0,0,0
data_source_3,HomeForTheElderly,34,31,1,0,1,0
data_source_3,HospitalHouseMD,0,13,0,0,0,15
data_source_3,HospitalHouseMD,1,17,2,0,2,19
data_source_3,HospitalHouseMD,2,11,1,0,1,12
data_source_3,HospitalHouseMD,3,12,2,0,2,13
data_source_3,HospitalHouseMD,4,22,3,0,3,25
data_source_3,HospitalHouseMD,5,7,1,0,1,9
data_source_3,HospitalHouseMD,6,7,1,1,1,8
data_source_3,HospitalHouseMD,7,15,2,2,2,18
data_source_3,HospitalHouseMD,8,24,1,1,1,27
data_source_3,HospitalHouseMD,9,16,2,2,2,18
data_source_3,HospitalHouseMD,10,20,1,2,1,23
data_source_3,HospitalHouseMD,11,26,3,2,3,29
data_source_3,HospitalHouseMD,12,28,1,2,1,33
data_source_3,HospitalHouseMD,13,23,1,1,1,25
data_source_3,HospitalHouseMD,14,32,3,0,3,38
data_source_3,HospitalHouseMD,15,16,0,1,0,19
data_source_3,HospitalHouseMD,16,2,0,0,0,13
data_source_3,HospitalHouseMD,17,12,1,1,1,13
data_source_3,HospitalHouseMD,18,11,0,1,0,29
data_source_3,HospitalHouseMD,19,26,2,2,2,24
data_source_3,HospitalHouseMD,20,23,2,3,2,0
data_source_3,HotelBookingManagementSystem,0,13,2,1,2,14
data_source_3,HotelBookingManagementSystem,1,11,2,1,2,14
data_source_3,HotelBookingManagementSystem,2,10,1,3,1,26
data_source_3,HotelBookingManagementSystem,3,9,0,0,0,69
data_source_3,HotelBookingManagementSystem,4,27,1,8,1,32
data_source_3,HotelBookingManagementSystem,5,11,1,2,1,55
data_source_3,HotelBookingManagementSystem,6,15,2,2,2,32
data_source_3,HotelBookingManagementSystem,7,29,4,2,4,17
data_source_3,HotelBookingManagementSystem,8,17,2,2,2,37
data_source_3,HotelBookingManagementSystem,9,33,4,4,4,14
data_source_3,HotelBookingManagementSystem,10,28,4,2,4,27
data_source_3,HotelBookingManagementSystem,11,15,3,3,3,23
data_source_3,HotelBookingManagementSystem,12,10,1,2,1,16
data_source_3,HotelBookingManagementSystem,13,19,2,1,2,20
data_source_3,HotelBookingManagementSystem,14,13,2,1,2,31
data_source_3,HotelBookingManagementSystem,15,24,2,3,2,24
data_source_3,HotelBookingManagementSystem,16,19,2,3,2,10
data_source_3,HotelBookingManagementSystem,17,14,3,3,3,17
data_source_3,HotelBookingManagementSystem,18,18,2,2,2,34
data_source_3,HotelBookingManagementSystem,19,29,2,4,2,20
data_source_3,HotelBookingManagementSystem,20,22,3,3,3,0
data_source_3,HotelBookingManagementSystem,21,9,2,0,2,0
data_source_3,HotelBookingManagementSystem,22,15,3,2,3,0
data_source_3,HotelBookingManagementSystem,23,30,3,3,3,0
data_source_3,HotelBookingManagementSystem,24,18,3,1,3,0
data_source_3,House,0,14,2,3,2,19
data_source_3,House,1,14,2,2,2,16
data_source_3,House,2,13,2,0,2,15
data_source_3,House,3,9,1,1,1,10
data_source_3,House,4,10,3,0,3,12
data_source_3,House,5,21,1,2,1,22
data_source_3,House,6,11,4,0,4,13
data_source_3,House,7,29,1,4,1,33
data_source_3,House,8,13,1,0,1,15
data_source_3,House,9,24,4,2,2,26
data_source_3,Kinepolis,0,7,0,0,0,9
data_source_3,Kinepolis,1,14,1,0,1,16
data_source_3,Kinepolis,2,27,4,0,4,30
data_source_3,Kinepolis,3,17,1,0,1,18
data_source_3,Kinepolis,4,15,1,0,1,17
data_source_3,Kinepolis,5,14,0,0,0,18
data_source_3,Kinepolis,6,19,1,1,1,23
data_source_3,Kinepolis,7,23,1,1,1,25
data_source_3,Kinepolis,8,19,3,3,3,21
data_source_3,Kinepolis,9,14,0,0,0,17
data_source_3,Kinepolis,10,19,2,1,2,21
data_source_3,Kinepolis,11,10,0,0,0,13
data_source_3,Kinepolis,12,17,4,1,4,20
data_source_3,Kinepolis,13,8,2,2,2,10
data_source_3,Kinepolis,14,11,2,2,2,12
data_source_3,Kinepolis,15,23,4,4,4,27
data_source_3,Kinepolis,16,15,2,2,2,17
data_source_3,Kinepolis,17,9,1,2,1,11
data_source_3,Kinepolis,18,20,1,1,1,24
data_source_3,Kinepolis,19,25,2,1,2,28
data_source_3,LabTracker,0,27,2,1,2,21
data_source_3,LabTracker,1,12,0,1,0,11
data_source_3,LabTracker,2,27,2,5,2,15
data_source_3,LabTracker,3,17,1,2,1,31
data_source_3,LabTracker,4,12,2,1,2,19
data_source_3,LabTracker,5,27,2,9,2,14
data_source_3,LabTracker,6,19,2,0,2,33
data_source_3,LabTracker,7,19,1,1,1,22
data_source_3,LabTracker,8,18,1,0,1,20
data_source_3,LabTracker,9,17,2,0,2,20
data_source_3,LabTracker,10,20,2,1,2,18
data_source_3,LabTracker,11,11,2,2,2,23
data_source_3,LabTracker,12,14,0,1,0,12
data_source_3,LabTracker,13,8,1,0,1,16
data_source_3,LabTracker,14,35,1,0,1,9
data_source_3,LabTracker,15,23,2,3,2,39
data_source_3,LabTracker,16,11,0,1,0,24
data_source_3,LabTracker,17,11,1,1,1,15
data_source_3,LabTracker,18,22,3,2,3,13
data_source_3,LabTracker,19,17,2,0,2,26
data_source_3,LabTracker,20,29,2,0,2,19
data_source_3,LabTracker,21,21,0,0,0,36
data_source_3,LabTracker,22,22,5,1,5,26
data_source_3,LabTracker,23,17,2,1,2,24
data_source_3,LabTracker,24,30,2,8,2,19
data_source_3,LabTracker,25,26,1,5,1,34
data_source_3,LabTracker,26,9,2,1,2,28
data_source_3,LabTracker,27,13,0,2,0,10
data_source_3,LabTracker,28,15,2,3,2,14
data_source_3,LabTracker,29,22,1,4,1,16
data_source_3,Louvre,0,28,0,0,0,30
data_source_3,Louvre,1,40,2,0,2,44
data_source_3,Louvre,2,15,0,0,0,18
data_source_3,Louvre,3,15,0,0,0,16
data_source_3,Louvre,4,22,0,0,0,23
data_source_3,Louvre,5,10,1,0,1,13
data_source_3,Louvre,6,11,2,0,2,12
data_source_3,Louvre,7,9,1,0,1,10
data_source_3,Louvre,8,32,2,0,2,38
data_source_3,Louvre,9,16,2,0,2,18
data_source_3,Louvre,10,21,2,0,2,24
data_source_3,Louvre,11,11,0,0,0,17
data_source_3,Louvre,12,17,3,0,3,20
data_source_3,Louvre,13,13,1,0,1,15
data_source_3,Louvre,14,11,0,0,0,14
data_source_3,Menso,0,21,1,0,1,24
data_source_3,Menso,1,15,0,0,0,17
data_source_3,Menso,2,34,2,0,2,37
data_source_3,Menso,3,9,0,0,0,11
data_source_3,Menso,4,25,1,0,1,28
data_source_3,Menso,5,11,2,1,2,14
data_source_3,Menso,6,13,1,1,1,15
data_source_3,Menso,7,10,1,1,1,13
data_source_3,Menso,8,5,1,0,1,8
data_source_3,Menso,9,12,2,0,2,16
data_source_3,Menso,10,17,1,0,1,19
data_source_3,Menso,11,35,2,0,2,41
data_source_3,Menso,12,2,0,0,0,28
data_source_3,Menso,13,20,1,0,1,20
data_source_3,Menso,14,15,3,0,3,18
data_source_3,Menso,15,15,3,0,3,26
data_source_3,Menso,16,24,6,2,6,35
data_source_3,Menso,17,32,3,1,3,33
data_source_3,Menso,18,29,4,1,4,15
data_source_3,Menso,19,12,2,3,2,34
data_source_3,Menso,20,28,2,0,2,17
data_source_3,Menso,21,15,1,2,1,21
data_source_3,Menso,22,17,3,2,3,23
data_source_3,Menso,23,20,2,0,2,22
data_source_3,Menso,24,17,2,0,2,25
data_source_3,Menso,25,21,2,5,2,36
data_source_3,Menso,26,33,2,0,2,0
data_source_3,Musicmatic,0,20,0,1,0,22
data_source_3,Musicmatic,1,21,0,0,0,24
data_source_3,Musicmatic,2,28,1,5,1,34
data_source_3,Musicmatic,3,27,1,4,1,33
data_source_3,Musicmatic,4,22,2,1,2,25
data_source_3,Musicmatic,5,28,2,1,2,31
data_source_3,Musicmatic,6,13,0,0,0,14
data_source_3,Musicmatic,7,33,2,0,2,38
data_source_3,Musicmatic,8,13,1,4,1,19
data_source_3,Musicmatic,9,8,1,1,1,9
data_source_3,Musicmatic,10,17,1,0,1,19
data_source_3,Musicmatic,11,17,1,0,1,19
data_source_3,Musicmatic,12,12,0,0,1,16
data_source_3,Musicmatic,13,17,2,2,2,18
data_source_3,Musicmatic,14,21,1,0,2,23
data_source_3,Musicmatic,15,34,4,1,5,42
data_source_3,OnlineTutoringSystem,0,16,2,0,2,17
data_source_3,OnlineTutoringSystem,1,13,0,4,0,16
data_source_3,OnlineTutoringSystem,2,12,2,1,2,62
data_source_3,OnlineTutoringSystem,3,12,0,1,0,19
data_source_3,OnlineTutoringSystem,4,26,3,5,3,37
data_source_3,OnlineTutoringSystem,5,11,2,1,2,15
data_source_3,OnlineTutoringSystem,6,7,0,0,0,16
data_source_3,OnlineTutoringSystem,7,34,4,4,4,23
data_source_3,OnlineTutoringSystem,8,14,3,4,3,22
data_source_3,OnlineTutoringSystem,9,15,4,2,4,23
data_source_3,OnlineTutoringSystem,10,21,4,3,4,14
data_source_3,OnlineTutoringSystem,11,19,4,2,4,28
data_source_3,OnlineTutoringSystem,12,18,3,2,3,30
data_source_3,OnlineTutoringSystem,13,13,4,2,4,25
data_source_3,OnlineTutoringSystem,14,24,2,2,2,0
data_source_3,OnlineTutoringSystem,15,25,4,1,4,0
data_source_3,OnlineTutoringSystem,16,20,3,2,3,0
data_source_3,PizzaDeliveryWithEntertainment,0,21,2,3,2,26
data_source_3,PizzaDeliveryWithEntertainment,1,23,0,1,0,25
data_source_3,PizzaDeliveryWithEntertainment,2,15,0,0,0,18
data_source_3,PizzaDeliveryWithEntertainment,3,35,2,4,2,41
data_source_3,PizzaDeliveryWithEntertainment,4,38,4,4,4,47
data_source_3,PizzaDeliveryWithEntertainment,5,38,0,5,0,41
data_source_3,PizzaDeliveryWithEntertainment,6,7,1,1,1,9
data_source_3,PizzaDeliveryWithEntertainment,7,24,2,1,2,29
data_source_3,PizzaDeliveryWithEntertainment,8,22,1,1,1,24
data_source_3,PizzaDeliveryWithEntertainment,9,10,3,2,3,11
data_source_3,PizzaDeliveryWithEntertainment,10,19,1,9,1,26
data_source_3,PizzaDeliveryWithEntertainment,11,9,2,2,2,10
data_source_3,PizzaDeliveryWithEntertainment,12,29,0,5,0,43
data_source_3,PizzaDeliveryWithEntertainment,13,31,1,1,1,34
data_source_3,PizzaDeliveryWithEntertainment,14,42,1,2,1,49
data_source_3,PizzaDeliveryWithEntertainment,15,11,1,1,1,14
data_source_3,PizzaDeliveryWithEntertainment,16,9,0,2,0,11
data_source_3,PizzaDeliveryWithEntertainment,17,7,0,0,0,8
data_source_3,PizzaDeliveryWithEntertainment,18,22,1,2,1,24
data_source_3,PizzaDeliveryWithEntertainment,19,22,2,5,2,24
data_source_3,PizzaDeliveryWithEntertainment,20,9,1,1,1,11
data_source_3,PizzaDeliveryWithEntertainment,21,12,2,4,2,15
data_source_3,PizzaDeliveryWithEntertainment,22,9,2,2,2,10
data_source_3,PizzaDeliveryWithEntertainment,23,44,5,6,5,51
data_source_3,PizzaDeliveryWithEntertainment,24,12,1,2,1,15
data_source_3,PizzaDeliveryWithEntertainment,25,24,1,4,1,28
data_source_3,PizzaDeliveryWithEntertainment,26,9,3,2,3,10
data_source_3,PizzaDeliveryWithEntertainment,27,14,3,0,3,9
data_source_3,PizzaDeliveryWithEntertainment,28,23,3,1,3,7
data_source_3,ProjectManagement,0,10,2,0,2,11
data_source_3,ProjectManagement,1,11,1,0,1,12
data_source_3,ProjectManagement,2,7,2,0,2,8
data_source_3,ProjectManagement,3,21,4,0,4,25
data_source_3,ProjectManagement,4,13,3,0,3,16
data_source_3,ProjectManagement,5,16,1,0,1,19
data_source_3,ProjectManagement,6,12,2,0,2,16
data_source_3,ProjectManagement,7,20,0,0,0,21
data_source_3,ProjectManagement,8,36,4,0,5,40
data_source_3,ProjectManagement,9,21,1,0,2,26
data_source_3,School,0,5,1,1,1,6
data_source_3,School,1,7,0,0,0,8
data_source_3,School,2,14,0,2,0,15
data_source_3,School,3,6,0,1,0,8
data_source_3,School,4,16,2,0,2,18
data_source_3,School,5,11,0,1,0,12
data_source_3,School,6,13,1,0,1,15
data_source_3,School,7,17,2,0,2,20
data_source_3,School,8,18,1,0,1,20
data_source_3,School,9,28,1,3,1,31
data_source_3,School,10,16,2,1,2,20
data_source_3,School,11,9,3,0,3,10
data_source_3,School,12,12,2,0,2,13
data_source_3,SellingGoods,0,19,0,0,0,22
data_source_3,SellingGoods,1,25,0,0,0,31
data_source_3,SellingGoods,2,14,0,0,0,18
data_source_3,SellingGoods,3,11,0,0,0,13
data_source_3,SellingGoods,4,19,0,1,0,22
data_source_3,SellingGoods,5,13,1,2,1,16
data_source_3,SellingGoods,6,24,1,1,1,26
data_source_3,SellingGoods,7,22,3,3,3,26
data_source_3,SellingGoods,8,31,2,2,2,33
data_source_3,SellingGoods,9,12,0,0,0,14
data_source_3,SellingGoods,10,23,0,0,0,26
data_source_3,SellingGoods,11,26,0,1,0,29
data_source_3,SellingGoods,12,18,0,0,0,21
data_source_3,SellingGoods,13,31,2,1,2,36
data_source_3,SellingGoods,14,37,1,1,1,41
data_source_3,SellingGoods,15,22,0,0,0,24
data_source_3,SellingGoods,16,13,0,0,0,16
data_source_3,SellingGoods,17,12,0,0,0,13
data_source_3,SellingGoods,18,22,1,1,1,24
data_source_3,SellingGoods,19,16,0,0,0,18
data_source_3,SellingGoods,20,21,2,1,2,23
data_source_3,SellingGoods,21,8,1,1,1,10
data_source_3,SellingGoods,22,19,1,1,1,24
data_source_3,SellingGoods,23,16,1,1,1,18
data_source_3,SellingGoods,24,26,1,1,1,29
data_source_3,SellingGoods,25,25,2,2,2,26
data_source_3,SellingGoods,26,24,2,2,2,28
data_source_3,SellingGoods,27,16,1,0,1,18
data_source_3,Sightseeing,0,5,1,0,1,6
data_source_3,Sightseeing,1,20,2,5,2,22
data_source_3,Sightseeing,2,20,3,3,3,22
data_source_3,Sightseeing,3,32,3,2,3,35
data_source_3,Sightseeing,4,9,3,1,3,11
data_source_3,Sightseeing,5,10,1,0,1,11
data_source_3,SmartHomeAutomationSystem,0,16,2,0,2,19
data_source_3,SmartHomeAutomationSystem,1,28,5,1,5,46
data_source_3,SmartHomeAutomationSystem,2,8,1,0,1,10
data_source_3,SmartHomeAutomationSystem,3,9,3,1,3,23
data_source_3,SmartHomeAutomationSystem,4,20,2,0,2,22
data_source_3,SmartHomeAutomationSystem,5,18,2,3,2,42
data_source_3,SmartHomeAutomationSystem,6,9,1,0,1,20
data_source_3,SmartHomeAutomationSystem,7,20,2,3,2,21
data_source_3,SmartHomeAutomationSystem,8,4,0,0,0,10
data_source_3,SmartHomeAutomationSystem,9,18,6,0,6,23
data_source_3,SmartHomeAutomationSystem,10,20,2,0,2,18
data_source_3,SmartHomeAutomationSystem,11,9,1,1,1,9
data_source_3,SmartHomeAutomationSystem,12,18,4,0,4,46
data_source_3,SmartHomeAutomationSystem,13,14,3,0,3,7
data_source_3,SmartHomeAutomationSystem,14,8,2,0,2,20
data_source_3,SmartHomeAutomationSystem,15,36,3,2,3,12
data_source_3,SmartHomeAutomationSystem,16,6,0,0,0,0
data_source_3,SmartHomeAutomationSystem,17,18,1,1,1,0
data_source_3,SmartHomeAutomationSystem,18,11,1,2,1,0
data_source_3,Sober,0,17,1,0,1,21
data_source_3,Sober,1,32,1,0,1,35
data_source_3,Sober,2,13,2,1,2,16
data_source_3,Sober,3,12,4,0,4,16
data_source_3,Sober,4,29,2,3,2,33
data_source_3,Sober,5,17,2,0,2,20
data_source_3,Sober,6,28,2,4,2,32
data_source_3,Sober,7,38,1,1,1,43
data_source_3,Sober,8,62,3,9,3,80
data_source_3,Sober,9,12,1,1,1,15
data_source_3,Sober,10,13,3,0,3,16
data_source_3,Sober,11,19,0,0,0,23
data_source_3,Sober,12,26,2,1,2,30
data_source_3,Sober,13,25,4,0,4,29
data_source_3,Sober,14,42,2,5,2,54
data_source_3,Sober,15,12,1,1,1,15
data_source_3,Sober,16,16,1,1,1,21
data_source_3,Sober,17,15,3,3,3,18
data_source_3,StudentAppointment,0,22,2,0,2,23
data_source_3,StudentAppointment,1,32,4,0,4,34
data_source_3,StudentAppointment,2,21,3,0,3,22
data_source_3,StudentAppointment,3,15,2,0,2,16
data_source_3,StudentAppointment,4,22,4,0,4,26
data_source_3,TeamSportsScoutingSystem,0,25,5,0,5,28
data_source_3,TeamSportsScoutingSystem,1,26,3,0,3,55
data_source_3,TeamSportsScoutingSystem,2,19,1,2,1,20
data_source_3,TeamSportsScoutingSystem,3,19,1,0,1,26
data_source_3,TeamSportsScoutingSystem,4,25,4,1,4,55
data_source_3,TeamSportsScoutingSystem,5,32,5,2,5,29
data_source_3,TeamSportsScoutingSystem,6,14,1,1,1,33
data_source_3,TeamSportsScoutingSystem,7,27,6,2,6,23
data_source_3,TeamSportsScoutingSystem,8,30,4,1,4,0
data_source_3,TeamSportsScoutingSystem,9,21,5,1,5,0
data_source_3,TileOGame,0,22,3,0,3,24
data_source_3,TileOGame,1,16,1,0,1,18
data_source_3,TileOGame,2,14,2,0,2,15
data_source_3,TileOGame,3,21,3,2,3,22
data_source_3,TileOGame,4,7,0,2,0,9
data_source_3,TileOGame,5,14,1,0,1,15
data_source_3,TileOGame,6,14,2,2,2,15
data_source_3,TileOGame,7,19,2,0,2,23
data_source_3,TileOGame,8,11,1,0,1,12
data_source_3,TileOGame,9,22,4,0,4,27
data_source_3,TileOGame,10,81,11,3,11,98
data_source_3,TileOGame,11,22,2,1,2,31
data_source_3,TileOGame,12,18,4,0,4,19
data_source_3,TileOGame,13,28,3,4,3,30
data_source_3,TileOGame,14,17,3,0,3,19
data_source_3,TileOGame,15,29,5,1,5,31
data_source_3,TileOGame,16,21,3,2,3,23
data_source_3,TileOGame,17,17,3,1,3,18
data_source_3,TransportCompany,0,14,0,0,0,15
data_source_3,TransportCompany,1,19,0,2,0,21
data_source_3,TransportCompany,2,25,1,0,1,31
data_source_3,TransportCompany,3,13,0,0,0,14
data_source_3,TransportCompany,4,17,0,1,0,18
data_source_3,TransportCompany,5,9,0,3,0,10
data_source_3,TransportCompany,6,8,0,0,0,10
data_source_3,TransportCompany,7,9,1,2,1,10
data_source_3,TransportCompany,8,13,0,0,0,15
data_source_3,TransportCompany,9,18,0,1,0,23
data_source_3,TransportCompany,10,13,0,3,0,14
data_source_3,TransportCompany,11,14,1,1,1,16
data_source_3,TransportCompany,12,33,4,5,4,40
data_source_3,TransportCompany,13,7,1,0,1,8
data_source_3,TransportCompany,14,19,2,0,2,21
data_source_3,TransportCompany,15,15,3,2,3,17
data_source_3,TransportCompany,16,14,3,0,3,15
data_source_3,TransportCompany,17,28,2,1,2,30
data_source_3,TransportCompany,18,17,3,0,3,18
data_source_3,TransportCompany,19,22,2,3,2,26
data_source_3,TransportCompany,20,21,3,2,3,22
data_source_3,TreatmentPlans,0,7,0,0,0,9
data_source_3,TreatmentPlans,1,20,2,1,2,36
data_source_3,TreatmentPlans,2,11,0,0,0,12
data_source_3,TreatmentPlans,3,11,1,0,1,13
data_source_3,TreatmentPlans,4,10,3,0,3,12
data_source_3,TreatmentPlans,5,11,1,0,1,13
data_source_3,TreatmentPlans,6,14,4,1,4,17
data_source_3,TreatmentPlans,7,9,3,0,3,10
data_source_3,TreatmentPlans,8,23,5,0,5,25
data_source_3,TreatmentPlans,9,17,4,0,4,18
data_source_3,TreatmentPlans,10,25,4,0,4,27
data_source_3,TreatmentPlans,11,32,5,0,5,36
data_source_3,TreatmentPlans,12,29,3,0,3,32
data_source_3,TruckLogistics,0,11,0,2,0,12
data_source_3,TruckLogistics,1,6,1,1,1,7
data_source_3,TruckLogistics,2,10,0,0,0,13
data_source_3,TruckLogistics,3,6,1,2,1,7
data_source_3,TruckLogistics,4,15,1,2,1,17
data_source_3,TruckLogistics,5,10,0,0,0,12
data_source_3,TruckLogistics,6,6,0,0,0,7
data_source_3,TruckLogistics,7,15,0,0,0,16
data_source_3,TruckLogistics,8,19,2,1,2,21
data_source_3,TruckLogistics,9,16,1,0,1,18
data_source_3,TruckLogistics,10,14,1,0,1,16
data_source_3,University,0,13,0,1,0,15
data_source_3,University,1,7,2,1,2,8
data_source_3,University,2,7,1,2,1,9
data_source_3,University,3,14,2,1,2,17
data_source_3,University,4,7,0,1,0,8
data_source_3,University,5,12,0,3,0,15
data_source_3,University,6,9,2,0,2,11
data_source_3,University,7,10,2,0,2,13
data_source_3,University,8,9,1,2,1,10
data_source_3,University,9,26,0,5,0,30
data_source_3,University,10,4,0,0,0,5
data_source_3,University,11,9,0,0,0,12
data_source_3,University,12,14,0,3,0,18
data_source_3,eHome2020,0,22,0,0,0,24
data_source_3,eHome2020,1,16,0,0,0,20
data_source_3,eHome2020,2,14,0,2,0,18
data_source_3,eHome2020,3,23,0,1,0,4
data_source_3,eHome2020,4,10,0,1,0,22
data_source_3,eHome2020,5,23,0,1,0,14
data_source_3,eHome2020,6,11,1,0,1,29
data_source_3,eHome2020,7,23,2,2,2,13
data_source_3,eHome2020,8,9,1,1,1,24
data_source_3,eHome2020,9,19,1,1,1,11
data_source_3,eHome2020,10,30,2,4,2,24
data_source_3,eHome2020,11,11,0,0,0,38
data_source_3,eHome2020,12,14,2,1,2,12
data_source_3,eHome2020,13,34,2,0,2,16
data_source_3,eHome2020,14,9,1,3,1,42
data_source_3,eHome2020,15,10,1,2,1,13
data_source_3,eHome2020,16,11,0,2,0,11
data_source_3,eHome2020,17,12,3,1,4,31
data_source_3,eHome2020,18,6,0,0,0,7
data_source_3,eHome2020,19,8,2,1,2,9
data_source_3,eHome2020,20,12,1,1,1,13
data_source_3,eHome2020,21,6,0,1,0,12
data_source_3,eHome2020,22,2,1,0,1,18
data_source_3,eHome2020,23,16,1,0,1,15
data_source_3,eHome2020,24,14,0,2,0,15
data_source_3,eHome2020,25,13,1,1,1,33
data_source_3,eHome2020,26,29,0,1,0,0
